date,symbol,direction,strength,auction_interval_min,realised_end,realised_sessions
2021-01-04,1475,long,,10.0,2021-01-08,5
2021-01-04,2009,long,,20.0,2021-01-08,5
2021-01-04,2038,long,,5.0,2021-01-13,8
2021-01-04,2609,long,,5.0,2021-01-18,11
2021-01-04,3086,long,,20.0,2021-01-25,16
2021-01-04,3149,long,,5.0,2021-01-15,10
2021-01-04,3297,long,,5.0,2021-01-27,18
2021-01-04,4119,long,,5.0,2021-01-12,7
2021-01-04,5386,long,,20.0,2021-01-05,2
2021-01-04,5608,long,,20.0,2021-01-12,7
2021-01-04,6103,long,,45.0,2021-01-13,8
2021-01-04,6150,long,,20.0,2021-01-15,10
2021-01-04,6164,long,,5.0,2021-01-13,8
2021-01-04,6204,long,,20.0,2021-01-04,1
2021-01-04,6237,long,,20.0,2021-01-14,9
2021-01-04,8087,long,,5.0,2021-01-25,16
2021-01-05,6129,long,1.16,5.0,2021-01-18,10
2021-01-06,2415,long,0.5721,5.0,2021-01-19,10
2021-01-06,3228,long,0.2426,20.0,2021-01-19,10
2021-01-07,1593,long,0.5739,5.0,2021-01-25,13
2021-01-07,2611,long,1.1303,5.0,2021-01-20,10
2021-01-07,5468,long,0.3183,20.0,2021-01-28,16
2021-01-08,3339,long,0.2451,5.0,2021-01-21,10
2021-01-11,3138,long,1.9881,5.0,2021-01-27,13
2021-01-11,4946,long,0.5805,5.0,2021-01-22,10
2021-01-11,4961,long,1.1803,20.0,2021-01-22,10
2021-01-12,3552,long,0.5249,5.0,2021-01-25,10
2021-01-12,3661,long,0.3846,5.0,2021-01-25,10
2021-01-15,1533,long,0.7339,5.0,2021-01-28,10
2021-01-18,3685,long,0.6586,5.0,2021-02-03,13
2021-01-18,4760,long,0.4309,5.0,2021-01-29,10
2021-01-18,6228,long,0.3473,5.0,2021-01-29,10
2021-01-19,2354,long,0.4894,5.0,2021-02-01,10
2021-01-27,3228,long,0.3642,20.0,2021-02-05,8
2021-01-28,8024,long,0.9105,5.0,2021-02-05,7
2021-01-29,4576,long,0.4157,5.0,2021-02-05,6
2021-02-02,3086,long,1.0679,20.0,2021-02-05,4
2021-02-02,3219,long,0.6457,10.0,2021-02-05,4
2021-02-02,3552,long,0.3753,20.0,2021-02-05,4
2021-02-17,3086,long,1.0354,20.0,2021-03-05,12
2021-02-17,3219,long,0.7955,25.0,2021-03-17,19
2021-02-17,3228,long,0.2602,20.0,2021-02-18,2
2021-02-17,3552,long,0.1337,20.0,2021-02-24,6
2021-02-17,4576,long,0.4409,5.0,2021-02-22,4
2021-02-17,8024,long,0.4102,5.0,2021-02-19,3
2021-02-19,6482,long,0.7066,5.0,2021-03-10,13
2021-02-19,6485,long,1.2691,5.0,2021-03-10,13
2021-02-19,6547,long,0.6808,5.0,2021-03-10,13
2021-02-19,8087,long,0.0,20.0,2021-03-05,10
2021-02-22,3138,long,0.662,20.0,2021-03-08,10
2021-02-22,3169,long,0.6487,5.0,2021-03-08,10
2021-02-22,4961,long,0.4441,20.0,2021-03-08,10
2021-02-23,2009,long,0.123,5.0,2021-03-09,10
2021-02-23,3483,long,0.4107,5.0,2021-03-09,10
2021-02-23,6589,long,0.5937,5.0,2021-03-12,13
2021-02-24,6642,long,0.4565,5.0,2021-03-10,10
2021-02-24,6716,long,0.4663,5.0,2021-03-15,13
2021-02-24,8054,long,0.69,5.0,2021-03-10,10
2021-02-24,8427,long,0.4582,5.0,2021-03-10,10
2021-02-25,2465,long,0.3333,5.0,2021-03-11,10
2021-02-25,3073,long,1.1082,10.0,2021-03-16,13
2021-02-25,3078,long,0.4469,5.0,2021-03-11,10
2021-02-25,3228,long,0.3896,20.0,2021-03-11,10
2021-02-25,7556,long,0.6789,5.0,2021-03-11,10
2021-02-26,2375,long,0.3333,5.0,2021-03-12,10
2021-02-26,3122,long,0.3447,5.0,2021-03-12,10
2021-02-26,4162,long,0.4136,5.0,2021-03-12,10
2021-02-26,4743,long,0.3107,5.0,2021-03-12,10
2021-02-26,6134,long,0.256,5.0,2021-03-12,10
2021-02-26,6150,long,0.1204,5.0,2021-03-12,10
2021-02-26,6541,long,0.6611,5.0,2021-03-17,13
2021-03-02,2734,long,0.7832,5.0,2021-03-15,10
2021-03-02,2743,long,0.522,5.0,2021-03-15,10
2021-03-02,6651,long,,5.0,2021-03-15,10
2021-03-03,2939,long,0.2059,10.0,2021-03-16,10
2021-03-03,4571,long,0.9168,5.0,2021-03-19,13
2021-03-03,4944,long,0.4503,10.0,2021-03-16,10
2021-03-04,8077,long,0.4334,5.0,2021-03-17,10
2021-03-05,3552,long,0.076,20.0,2021-03-18,10
2021-03-08,5468,long,1.0699,20.0,2021-03-19,10
2021-03-09,3066,long,0.9087,5.0,2021-03-22,10
2021-03-11,4529,long,-0.2079,5.0,2021-03-24,10
2021-03-12,3362,long,0.5031,5.0,2021-03-30,13
2021-03-15,8099,long,0.7094,5.0,2021-03-26,10
2021-03-17,6533,long,0.195,5.0,2021-03-30,10
2021-03-17,6594,long,1.0179,5.0,2021-04-06,13
2021-03-17,8085,long,0.8371,5.0,2021-03-30,10
2021-03-17,9105,long,,,2021-03-30,10
2021-03-17,911616,long,,,2021-03-30,10
2021-03-18,3228,long,1.0202,20.0,2021-03-31,10
2021-03-18,3545,long,0.5742,5.0,2021-03-31,10
2021-03-18,6150,long,0.4236,20.0,2021-03-31,10
2021-03-19,5452,long,1.1624,5.0,2021-04-08,13
2021-03-19,6129,long,1.3515,5.0,2021-04-08,13
2021-03-19,8040,long,1.3874,5.0,2021-04-08,13
2021-03-22,2718,long,0.831,5.0,2021-04-09,13
2021-03-22,5302,long,0.6899,5.0,2021-04-22,20
2021-03-22,6516,long,0.858,5.0,2021-04-06,10
2021-03-23,2457,long,0.5072,5.0,2021-04-22,20
2021-03-23,2491,long,0.8101,5.0,2021-04-12,13
2021-03-23,2609,long,0.4004,5.0,2021-04-22,20
2021-03-23,3094,long,0.4496,5.0,2021-04-07,10
2021-03-23,3268,long,0.7882,5.0,2021-04-07,10
2021-03-23,4961,long,0.3753,20.0,2021-04-07,10
2021-03-23,6716,long,0.8642,20.0,2021-04-07,10
2021-03-23,8054,long,0.5275,20.0,2021-04-07,10
2021-03-24,2489,long,0.5565,5.0,2021-04-08,10
2021-03-24,3122,long,0.7559,20.0,2021-04-13,13
2021-03-24,3276,long,0.2985,5.0,2021-04-08,10
2021-03-24,5205,long,0.5357,45.0,2021-04-08,10
2021-03-24,5608,long,0.4504,5.0,2021-04-08,10
2021-03-24,6283,long,0.3715,5.0,2021-04-08,10
2021-03-25,2399,long,0.5199,5.0,2021-04-23,20
2021-03-25,2415,long,-0.0224,5.0,2021-04-09,10
2021-03-25,3288,long,0.6564,5.0,2021-04-09,10
2021-03-25,3294,long,0.6503,5.0,2021-04-09,10
2021-03-25,3383,long,0.609,10.0,2021-04-09,10
2021-03-26,2929,long,-0.4067,10.0,2021-04-12,10
2021-03-26,6103,long,0.0296,45.0,2021-04-20,16
2021-03-26,6589,long,0.8281,20.0,2021-04-15,13
2021-03-29,3021,long,0.538,5.0,2021-04-13,10
2021-03-31,3552,long,-0.0111,20.0,2021-04-15,10
2021-04-01,3093,long,0.5113,5.0,2021-04-21,13
2021-04-06,4419,long,0.3964,45.0,2021-04-19,10
2021-04-06,6590,long,0.5908,5.0,2021-04-19,10
2021-04-07,1592,long,-0.7033,10.0,2021-04-20,10
2021-04-07,2597,long,0.6707,5.0,2021-04-20,10
2021-04-07,3362,long,2.1317,20.0,2021-04-20,10
2021-04-07,5272,long,0.8266,5.0,2021-04-20,10
2021-04-08,1517,long,0.8646,5.0,2021-04-26,13
2021-04-08,5310,long,0.6708,45.0,2021-04-21,10
2021-04-08,6494,long,0.7519,5.0,2021-04-21,10
2021-04-09,1438,long,2.2876,5.0,2021-04-22,10
2021-04-09,2108,long,0.9372,5.0,2021-04-27,13
2021-04-09,2465,long,1.098,20.0,2021-04-22,10
2021-04-09,3149,long,0.7867,5.0,2021-04-22,10
2021-04-09,5529,long,0.6996,5.0,2021-04-22,10
2021-04-09,6150,long,0.6148,20.0,2021-04-22,10
2021-04-09,6237,long,0.7571,5.0,2021-04-22,10
2021-04-12,3230,long,2.466,5.0,2021-04-23,10
2021-04-12,4304,long,0.5615,10.0,2021-04-23,10
2021-04-12,5245,long,0.42,5.0,2021-04-23,10
2021-04-12,8277,long,0.7073,5.0,2021-04-23,10
2021-04-13,1471,long,1.0539,5.0,2021-04-26,10
2021-04-13,2014,long,0.589,5.0,2021-04-26,10
2021-04-13,3046,long,0.6759,5.0,2021-04-26,10
2021-04-13,3058,long,0.6274,5.0,2021-04-26,10
2021-04-13,3308,long,0.771,5.0,2021-04-26,10
2021-04-13,5344,long,0.4778,5.0,2021-04-26,10
2021-04-13,6582,long,0.9681,5.0,2021-04-26,10
2021-04-13,6668,long,0.5,5.0,2021-04-26,10
2021-04-14,1418,long,0.7082,10.0,2021-04-27,10
2021-04-14,3006,long,0.5859,5.0,2021-04-27,10
2021-04-14,6643,long,0.5774,5.0,2021-04-27,10
2021-04-14,7402,long,0.4676,5.0,2021-04-27,10
2021-04-15,4726,long,0.5227,5.0,2021-04-28,10
2021-04-15,911616,long,,,2021-04-28,10
2021-04-16,3228,long,-0.265,20.0,2021-05-10,16
2021-04-16,3661,long,-0.4158,5.0,2021-05-10,16
2021-04-19,3138,long,-0.5083,5.0,2021-05-03,10
2021-04-19,9105,long,,,2021-05-03,10
2021-04-20,3379,long,0.4476,5.0,2021-05-04,10
2021-04-20,3687,long,0.4887,5.0,2021-05-04,10
2021-04-20,9110,long,,,2021-05-04,10
2021-04-22,1608,long,0.8155,5.0,2021-05-06,10
2021-04-22,1905,long,1.1382,5.0,2021-05-06,10
2021-04-22,2007,long,0.8,5.0,2021-05-06,10
2021-04-22,2022,long,1.0614,5.0,2021-05-06,10
2021-04-22,5608,long,0.776,20.0,2021-05-06,10
2021-04-23,1616,long,0.7794,5.0,2021-05-12,13
2021-04-23,2017,long,1.1538,5.0,2021-05-07,10
2021-04-23,2641,long,0.5246,5.0,2021-05-07,10
2021-04-23,5475,long,1.0429,10.0,2021-05-12,13
2021-04-26,2033,long,0.7287,5.0,2021-05-10,10
2021-04-26,2605,long,0.4682,5.0,2021-05-10,10
2021-04-26,2637,long,0.8312,5.0,2021-05-10,10
2021-04-26,8261,long,0.5568,5.0,2021-05-10,10
2021-04-27,2543,long,0.3764,5.0,2021-05-11,10
2021-04-27,2601,long,0.5395,5.0,2021-05-11,10
2021-04-27,3060,long,0.947,5.0,2021-05-14,13
2021-04-27,3536,long,0.7128,45.0,2021-05-14,13
2021-04-27,6404,long,0.4605,45.0,2021-05-11,10
2021-04-27,911868,long,,,2021-05-11,10
2021-04-29,3057,long,0.8019,5.0,2021-05-13,10
2021-05-03,6116,long,0.8626,5.0,2021-05-14,10
2021-05-04,2495,long,0.8943,5.0,2021-05-17,10
2021-05-04,3362,long,-0.2858,20.0,2021-05-17,10
2021-05-06,1441,long,0.8293,5.0,2021-05-19,10
2021-05-07,5205,long,0.6199,60.0,2021-05-25,13
2021-05-13,2929,long,0.8957,20.0,2021-05-26,10
2021-05-17,3228,long,-0.4014,20.0,2021-06-16,22
2021-05-18,6547,long,0.458,5.0,2021-05-31,10
2021-05-19,1475,long,-0.383,5.0,2021-06-01,10
2021-05-19,1732,long,0.9861,5.0,2021-06-01,10
2021-05-19,2617,long,0.0909,5.0,2021-06-01,10
2021-05-19,6465,long,-0.4486,5.0,2021-06-04,13
2021-05-19,6589,long,0.1182,5.0,2021-06-01,10
2021-05-19,9103,long,,,2021-06-01,10
2021-05-20,4171,long,0.3418,5.0,2021-06-02,10
2021-05-20,6150,long,-0.3429,20.0,2021-06-02,10
2021-05-21,1760,long,0.4313,5.0,2021-06-03,10
2021-05-21,4131,long,0.2301,45.0,2021-06-03,10
2021-05-24,6472,long,0.4515,5.0,2021-06-16,17
2021-05-26,6242,long,0.5959,5.0,2021-06-08,10
2021-05-27,911616,long,,,2021-06-09,10
2021-05-31,1435,long,-0.0428,5.0,2021-06-11,10
2021-05-31,2491,long,0.2602,5.0,2021-06-11,10
2021-05-31,2615,long,0.6315,5.0,2021-06-11,10
2021-05-31,2642,long,1.2229,5.0,2021-06-17,13
2021-05-31,4746,long,0.7007,5.0,2021-06-11,10
2021-05-31,5475,long,0.5709,20.0,2021-06-21,15
2021-06-01,5603,long,0.3633,5.0,2021-06-15,10
2021-06-01,6485,long,0.0134,5.0,2021-06-29,20
2021-06-02,2014,long,0.3562,5.0,2021-06-16,10
2021-06-02,4152,long,0.0171,45.0,2021-06-16,10
2021-06-03,2636,long,0.6963,5.0,2021-06-17,10
2021-06-03,4121,long,0.7146,5.0,2021-06-17,10
2021-06-04,1455,long,0.5053,5.0,2021-06-18,10
2021-06-04,2465,long,0.6824,5.0,2021-06-18,10
2021-06-04,6199,long,0.4873,5.0,2021-06-18,10
2021-06-07,2028,long,0.2973,5.0,2021-06-21,10
2021-06-07,2038,long,0.3234,5.0,2021-06-21,10
2021-06-07,6547,long,-0.1618,20.0,2021-06-21,10
2021-06-08,8905,long,0.7143,5.0,2021-06-22,10
2021-06-09,3530,long,0.6333,5.0,2021-06-23,10
2021-06-16,3339,long,0.9128,5.0,2021-07-02,13
2021-06-17,2614,long,0.6193,5.0,2021-07-05,13
2021-06-18,2603,long,0.789,5.0,2021-07-01,10
2021-06-18,2641,long,0.8289,5.0,2021-07-07,14
2021-06-18,3169,long,0.5442,5.0,2021-07-01,10
2021-06-18,5608,long,0.8925,5.0,2021-07-06,13
2021-06-21,6640,long,0.4602,5.0,2021-07-07,13
2021-06-21,8040,long,0.7559,5.0,2021-07-02,10
2021-06-22,2609,long,0.7266,5.0,2021-07-05,10
2021-06-22,6756,long,0.5702,5.0,2021-07-08,13
2021-06-23,8406,long,0.5714,5.0,2021-07-06,10
2021-06-24,1905,long,0.2727,5.0,2021-07-07,10
2021-06-24,3687,long,0.4394,5.0,2021-07-07,10
2021-06-24,8429,long,0.6293,5.0,2021-07-07,10
2021-06-25,1455,long,-0.0612,20.0,2021-07-08,10
2021-06-25,6465,long,0.6571,20.0,2021-07-08,10
2021-06-28,2605,long,0.7665,5.0,2021-07-09,10
2021-06-29,2601,long,0.9535,5.0,2021-07-12,10
2021-06-29,2613,long,0.845,5.0,2021-07-12,10
2021-06-29,6130,long,0.4106,5.0,2021-07-12,10
2021-06-29,6741,long,0.7672,5.0,2021-07-12,10
2021-06-30,2612,long,0.8372,5.0,2021-07-13,10
2021-06-30,5464,long,0.5876,5.0,2021-07-13,10
2021-07-01,2022,long,0.7249,5.0,2021-07-14,10
2021-07-01,2607,long,1.1996,5.0,2021-07-14,10
2021-07-01,2611,long,1.349,5.0,2021-07-14,10
2021-07-01,9110,long,,,2021-07-14,10
2021-07-01,911616,long,,,2021-07-29,21
2021-07-02,2007,long,0.4742,5.0,2021-07-15,10
2021-07-02,2030,long,0.6411,5.0,2021-07-15,10
2021-07-02,2033,long,0.4213,5.0,2021-07-15,10
2021-07-02,2064,long,0.3489,5.0,2021-07-15,10
2021-07-02,3609,long,0.75,5.0,2021-07-15,10
2021-07-02,6170,long,0.5891,5.0,2021-07-15,10
2021-07-02,911622,long,,,2021-07-20,13
2021-07-05,2024,long,0.7736,5.0,2021-07-16,10
2021-07-05,2025,long,0.5664,45.0,2021-07-21,13
2021-07-05,3141,long,0.7132,5.0,2021-07-16,10
2021-07-05,4529,long,0.3642,5.0,2021-07-16,10
2021-07-05,9962,long,0.4934,5.0,2021-07-16,10
2021-07-06,2023,long,0.6191,5.0,2021-07-19,10
2021-07-06,2032,long,0.891,5.0,2021-07-19,10
2021-07-06,2069,long,0.6535,5.0,2021-07-19,10
2021-07-07,2603,long,1.0271,20.0,2021-07-20,10
2021-07-07,6509,long,0.6672,5.0,2021-07-20,10
2021-07-07,9188,long,,,2021-07-20,10
2021-07-08,4406,long,0.13,5.0,2021-07-21,10
2021-07-12,2486,long,0.7611,5.0,2021-07-23,10
2021-07-12,5227,long,1.2731,5.0,2021-07-23,10
2021-07-12,6287,long,0.7415,45.0,2021-07-23,10
2021-07-12,6573,long,0.6466,5.0,2021-07-23,10
2021-07-14,2614,long,1.6705,20.0,2021-07-27,10
2021-07-14,3372,long,0.4286,5.0,2021-07-27,10
2021-07-14,3675,long,0.5238,5.0,2021-07-27,10
2021-07-15,3035,long,0.518,5.0,2021-07-28,10
2021-07-15,6716,long,0.3614,5.0,2021-07-28,10
2021-07-16,3228,long,0.0801,5.0,2021-07-29,10
2021-07-20,6727,long,0.648,5.0,2021-08-05,13
2021-07-21,1742,long,0.4665,5.0,2021-08-03,10
2021-07-21,3219,long,0.5343,5.0,2021-08-03,10
2021-07-21,5340,long,0.4389,5.0,2021-08-03,10
2021-07-21,6104,long,0.8399,5.0,2021-08-03,10
2021-07-21,6229,long,0.6805,5.0,2021-08-03,10
2021-07-26,4945,long,0.6569,5.0,2021-08-06,10
2021-07-26,9962,long,1.1157,20.0,2021-08-06,10
2021-07-27,5321,long,0.3853,5.0,2021-08-09,10
2021-07-27,6226,long,0.7947,5.0,2021-08-09,10
2021-07-28,5432,long,0.5735,5.0,2021-08-10,10
2021-07-28,6291,long,0.6917,5.0,2021-08-10,10
2021-07-29,2609,long,-0.3534,20.0,2021-08-11,10
2021-07-29,6568,long,0.5203,5.0,2021-08-11,10
2021-08-02,3663,long,0.6708,5.0,2021-08-13,10
2021-08-02,5475,long,-0.0441,5.0,2021-08-13,10
2021-08-04,1783,long,0.763,5.0,2021-08-17,10
2021-08-04,3114,long,0.581,5.0,2021-08-20,13
2021-08-10,1734,long,0.4555,5.0,2021-08-23,10
2021-08-10,4192,long,0.8527,5.0,2021-08-23,10
2021-08-10,5227,long,0.4204,20.0,2021-08-23,10
2021-08-10,8476,long,0.6904,5.0,2021-08-23,10
2021-08-13,6727,long,-0.1903,20.0,2021-08-26,10
2021-08-19,4803,long,-0.4469,10.0,2021-09-06,13
2021-08-24,3527,long,0.3402,5.0,2021-09-09,13
2021-08-25,6419,long,0.4499,5.0,2021-09-10,13
2021-08-27,3675,long,0.115,5.0,2021-09-09,10
2021-08-30,2013,long,0.6835,5.0,2021-09-10,10
2021-08-30,6469,long,0.3243,5.0,2021-09-10,10
2021-09-01,3207,long,0.515,5.0,2021-09-14,10
2021-09-01,4154,long,0.583,5.0,2021-09-14,10
2021-09-01,5227,long,0.2151,20.0,2021-09-14,10
2021-09-01,9105,long,,,2021-09-14,10
2021-09-02,4175,long,0.3547,5.0,2021-09-15,10
2021-09-06,6568,long,0.2004,20.0,2021-09-17,10
2021-09-07,8121,long,0.3708,5.0,2021-10-07,21
2021-09-08,3701,long,0.18,5.0,2021-09-23,10
2021-09-15,3232,long,0.581,5.0,2021-10-04,12
2021-09-17,1727,long,0.7712,5.0,2021-10-04,10
2021-09-17,4803,long,-0.0149,60.0,2021-10-04,10
2021-09-22,3085,long,0.2647,45.0,2021-10-14,16
2021-09-24,3141,long,0.1448,5.0,2021-10-07,10
2021-09-24,9105,long,,,2021-10-07,10
2021-09-29,4903,long,0.5506,10.0,2021-10-13,10
2021-09-29,5321,long,1.3987,5.0,2021-10-20,15
2021-10-01,6259,long,0.7289,5.0,2021-10-15,10
2021-10-04,4141,long,0.6654,5.0,2021-10-20,12
2021-10-07,4944,long,-0.3284,10.0,2021-10-21,10
2021-10-08,4192,long,0.4583,5.0,2021-10-22,10
2021-10-18,1721,long,0.7403,5.0,2021-11-03,13
2021-10-19,2243,long,0.4503,5.0,2021-11-01,10
2021-10-20,4743,long,0.3025,5.0,2021-11-02,10
2021-10-21,8121,long,0.0443,20.0,2021-11-03,10
2021-10-22,9105,long,,,2021-12-03,30
2021-10-26,2498,long,0.4286,5.0,2021-11-11,13
2021-10-26,3675,long,0.3171,5.0,2021-11-10,12
2021-10-26,3685,long,0.4075,5.0,2021-11-08,10
2021-10-28,5321,long,0.137,20.0,2021-11-10,10
2021-10-28,8476,long,0.2277,5.0,2021-11-22,18
2021-10-29,4968,long,0.3035,5.0,2021-11-11,10
2021-11-01,4192,long,-0.4492,20.0,2021-11-22,16
2021-11-01,6172,long,-0.4547,5.0,2021-11-12,10
2021-11-02,5227,long,0.6626,5.0,2021-11-15,10
2021-11-03,3491,long,0.7671,5.0,2021-11-16,10
2021-11-04,6441,long,0.6396,5.0,2021-11-17,10
2021-11-05,1611,long,0.4527,5.0,2021-11-18,10
2021-11-05,5351,long,0.8703,5.0,2021-11-22,12
2021-11-11,8121,long,-0.0456,20.0,2021-12-27,31
2021-11-12,1721,long,0.7087,20.0,2021-11-29,12
2021-11-16,3508,long,1.902,5.0,2021-12-01,12
2021-11-16,5344,long,1.2794,5.0,2021-11-29,10
2021-11-16,6118,long,1.0249,5.0,2021-11-29,10
2021-11-17,3228,long,0.3514,5.0,2021-11-30,10
2021-11-17,3419,long,0.6711,5.0,2021-11-30,10
2021-11-18,5468,long,0.4808,5.0,2021-12-01,10
2021-11-18,6523,long,0.4802,5.0,2021-12-06,13
2021-11-19,8427,long,0.5729,5.0,2021-12-02,10
2021-11-22,1236,long,0.6479,5.0,2021-12-03,10
2021-11-22,4803,long,-0.5085,45.0,2021-12-03,10
2021-11-22,6446,long,0.8158,10.0,2021-12-30,29
2021-11-22,6465,long,0.4218,5.0,2021-12-03,10
2021-11-23,3642,long,-0.1704,10.0,2021-12-06,10
2021-11-23,4943,long,-0.458,5.0,2021-12-06,10
2021-11-23,5236,long,0.4471,5.0,2021-12-06,10
2021-11-24,3016,long,0.4586,5.0,2021-12-09,12
2021-11-24,3444,long,0.514,5.0,2021-12-07,10
2021-11-24,8450,long,0.5098,5.0,2021-12-07,10
2021-11-25,3046,long,0.3797,5.0,2021-12-08,10
2021-11-25,5321,long,-0.1888,20.0,2021-12-08,10
2021-11-29,3672,long,0.5933,5.0,2021-12-10,10
2021-12-01,2497,long,0.7613,5.0,2021-12-16,12
2021-12-02,3066,long,0.9158,5.0,2021-12-20,13
2021-12-02,9103,long,,,2022-01-26,36
2021-12-03,8406,long,0.3227,5.0,2021-12-16,10
2021-12-06,3294,long,0.491,5.0,2021-12-17,10
2021-12-08,5245,long,0.891,5.0,2021-12-24,13
2021-12-09,5344,long,0.423,20.0,2021-12-22,10
2021-12-09,6134,long,0.8086,5.0,2021-12-27,13
2021-12-09,6235,long,0.5632,5.0,2021-12-22,10
2021-12-10,6556,long,0.4925,5.0,2021-12-23,10
2021-12-13,4944,long,0.5309,10.0,2021-12-24,10
2021-12-14,8068,long,0.3933,5.0,2021-12-27,10
2021-12-15,3051,long,0.7706,5.0,2021-12-28,10
2021-12-15,6118,long,0.7223,20.0,2021-12-30,12
2021-12-15,6514,long,0.486,5.0,2021-12-28,10
2021-12-16,1236,long,0.6263,20.0,2021-12-29,10
2021-12-16,2405,long,0.5528,5.0,2021-12-29,10
2021-12-17,3085,long,0.194,45.0,2021-12-30,10
2021-12-17,3508,long,0.2916,20.0,2021-12-30,10
2021-12-17,8450,long,0.6973,20.0,2021-12-30,10
2021-12-20,2406,long,0.5597,5.0,2022-01-05,12
2021-12-20,3687,long,0.7419,5.0,2022-01-06,13
2021-12-21,3308,long,0.3941,5.0,2022-01-11,14
2021-12-22,4946,long,0.8031,5.0,2022-01-05,10
2021-12-23,3491,long,0.2049,5.0,2022-01-10,12
2021-12-27,2939,long,0.4089,5.0,2022-01-10,10
2021-12-27,6111,long,0.4769,5.0,2022-01-10,10
2021-12-28,6593,long,0.5337,5.0,2022-01-11,10
2021-12-29,3383,long,0.735,45.0,2022-01-26,20
2021-12-30,5227,long,1.2092,5.0,2022-01-13,10
2021-12-30,6158,long,0.6732,5.0,2022-01-13,10
2021-12-30,8080,long,0.55,45.0,2022-01-13,10
2021-12-30,8440,long,0.5595,5.0,2022-01-13,10
2022-01-03,4755,long,1.1333,5.0,2022-01-18,12
2022-01-04,6228,long,0.8565,5.0,2022-01-17,10
2022-01-05,4304,long,0.8167,45.0,2022-01-21,13
2022-01-06,2323,long,0.4989,5.0,2022-01-19,10
2022-01-06,2359,long,0.523,5.0,2022-01-19,10
2022-01-11,2443,long,0.5051,45.0,2022-01-24,10
2022-01-11,4946,long,1.3631,20.0,2022-01-24,10
2022-01-17,6225,long,0.3688,45.0,2022-01-26,8
2022-01-18,8450,long,-0.0086,20.0,2022-01-26,7
2022-02-07,3383,long,0.0807,60.0,2022-02-09,3
2022-02-07,6225,long,0.3037,45.0,2022-02-08,2
2022-02-07,8450,long,-0.1557,20.0,2022-02-09,3
2022-02-07,9103,long,,,2022-02-09,3
2022-02-08,1529,long,0.2984,5.0,2022-02-23,12
2022-02-08,8454,long,-0.3333,5.0,2022-02-21,10
2022-02-09,3219,long,0.2595,5.0,2022-02-22,10
2022-02-14,2497,long,0.2376,5.0,2022-03-16,22
2022-02-16,8440,long,0.4441,20.0,2022-03-04,12
2022-02-17,3066,long,0.3683,5.0,2022-03-03,10
2022-02-21,5321,long,0.3654,5.0,2022-03-09,12
2022-02-21,9103,long,,,2022-03-07,10
2022-02-23,2745,long,0.5682,5.0,2022-03-09,10
2022-02-24,2743,long,0.7025,5.0,2022-03-14,12
2022-02-24,5301,long,0.7896,5.0,2022-03-10,10
2022-02-25,9955,long,0.7038,5.0,2022-03-15,12
2022-03-01,1435,long,0.6678,5.0,2022-03-17,13
2022-03-01,2924,long,0.8324,5.0,2022-03-17,13
2022-03-08,2936,long,0.4132,5.0,2022-03-21,10
2022-03-09,2024,long,0.4641,5.0,2022-03-22,10
2022-03-17,9105,long,,,2022-03-30,10
2022-03-21,4804,long,0.7258,5.0,2022-04-01,10
2022-03-22,9103,long,,,2022-04-06,10
2022-03-24,1432,long,0.7,5.0,2022-04-08,10
2022-03-25,6446,long,0.079,10.0,2022-04-11,10
2022-03-25,8440,long,0.9853,20.0,2022-04-13,12
2022-03-28,5321,long,0.037,20.0,2022-04-12,10
2022-03-28,6240,long,0.4471,5.0,2022-04-12,10
2022-03-28,6241,long,0.7628,5.0,2022-04-12,10
2022-03-29,3011,long,0.6852,5.0,2022-04-13,10
2022-03-31,5603,long,0.4866,5.0,2022-04-15,10
2022-04-12,1453,long,0.7692,5.0,2022-04-25,10
2022-04-12,9103,long,,,2022-05-10,20
2022-04-13,4133,long,1.0382,5.0,2022-05-04,15
2022-04-14,4736,long,0.4601,5.0,2022-05-03,13
2022-04-14,5309,long,0.1453,5.0,2022-04-27,10
2022-04-18,4148,long,0.4068,5.0,2022-05-04,12
2022-04-18,8409,long,0.6576,5.0,2022-05-05,13
2022-04-19,6242,long,0.6478,5.0,2022-05-03,10
2022-04-19,6598,long,0.7558,5.0,2022-05-03,10
2022-04-20,6578,long,0.5772,5.0,2022-05-04,10
2022-04-21,1760,long,0.6701,5.0,2022-05-09,12
2022-04-21,3434,long,0.5698,5.0,2022-05-05,10
2022-04-21,6492,long,0.3784,5.0,2022-05-05,10
2022-04-25,4106,long,0.5187,5.0,2022-05-09,10
2022-04-26,6199,long,0.3818,5.0,2022-05-10,10
2022-04-27,8087,long,0.4578,5.0,2022-05-11,10
2022-05-03,1453,long,1.5,20.0,2022-05-16,10
2022-05-05,4304,long,-0.4167,5.0,2022-05-18,10
2022-05-06,6241,long,0.2272,20.0,2022-05-19,10
2022-05-10,4116,long,0.7629,5.0,2022-05-25,12
2022-05-11,4944,long,-0.4063,45.0,2022-06-08,20
2022-05-13,4804,long,-0.1543,5.0,2022-05-26,10
2022-05-13,6113,long,0.4314,5.0,2022-05-26,10
2022-05-16,3629,long,-0.4335,5.0,2022-05-27,10
2022-05-19,2482,long,0.4622,5.0,2022-06-07,13
2022-05-19,2743,long,0.0293,5.0,2022-06-01,10
2022-05-19,9105,long,,,2022-06-01,10
2022-05-20,3535,long,0.4676,5.0,2022-06-07,12
2022-05-24,1453,long,0.6721,20.0,2022-06-09,12
2022-05-24,2929,long,0.4518,5.0,2022-06-07,10
2022-05-25,1524,long,0.8645,5.0,2022-06-10,12
2022-05-25,3466,long,0.4972,5.0,2022-06-08,10
2022-05-27,1568,long,0.3844,5.0,2022-06-10,10
2022-05-31,1539,long,0.4444,5.0,2022-06-16,12
2022-06-01,8068,long,0.3783,5.0,2022-06-15,10
2022-06-02,5205,long,0.5158,5.0,2022-06-16,10
2022-06-07,2364,long,0.8564,5.0,2022-06-20,10
2022-06-07,5258,long,0.6595,5.0,2022-06-22,12
2022-06-07,8097,long,0.594,5.0,2022-06-20,10
2022-06-07,9105,long,,,2022-06-20,10
2022-06-08,2745,long,0.3445,5.0,2022-06-21,10
2022-06-13,4402,long,0.5333,5.0,2022-06-24,10
2022-06-15,3252,long,0.6024,5.0,2022-06-30,12
2022-06-15,3494,long,0.3416,5.0,2022-06-28,10
2022-06-20,4911,long,0.9763,5.0,2022-07-06,13
2022-06-23,8467,long,0.519,5.0,2022-07-06,10
2022-06-24,8222,long,0.4152,5.0,2022-07-11,12
2022-06-29,3205,long,0.7972,5.0,2022-07-14,12
2022-06-30,3508,long,0.1504,5.0,2022-07-15,12
2022-07-04,3675,long,-0.3554,5.0,2022-07-20,13
2022-07-04,8097,long,-0.2417,20.0,2022-07-15,10
2022-07-05,3228,long,-0.356,5.0,2022-07-18,10
2022-07-11,6143,long,-0.1329,5.0,2022-07-22,10
2022-07-11,6225,long,-0.4765,45.0,2022-08-09,20
2022-07-14,6796,long,0.8038,5.0,2022-07-27,10
2022-07-22,3362,long,0.349,5.0,2022-08-08,12
2022-07-22,6133,long,0.5684,5.0,2022-08-08,12
2022-07-25,2305,long,0.3853,5.0,2022-08-10,13
2022-07-28,2388,long,0.4615,5.0,2022-08-12,12
2022-07-28,9103,long,,,2022-08-10,10
2022-07-29,2380,long,0.3526,5.0,2022-08-11,10
2022-08-08,9912,long,0.5338,5.0,2022-08-19,10
2022-08-09,6512,long,0.4474,5.0,2022-08-22,10
2022-08-11,3432,long,0.6436,5.0,2022-08-24,10
2022-08-12,8097,long,0.0942,20.0,2022-08-25,10
2022-08-16,6103,long,0.2793,45.0,2022-08-29,10
2022-08-17,6643,long,0.2514,5.0,2022-08-30,10
2022-08-18,4413,long,0.6798,5.0,2022-08-31,10
2022-08-19,2364,long,1.1307,5.0,2022-09-01,10
2022-08-19,6472,long,0.4075,5.0,2022-09-05,12
2022-08-19,9103,long,,,2022-09-01,10
2022-08-22,1449,long,0.4457,5.0,2022-09-02,10
2022-08-23,1539,long,0.4754,5.0,2022-09-05,10
2022-08-23,2468,long,0.7103,5.0,2022-09-05,10
2022-08-24,2230,long,0.6711,5.0,2022-09-12,13
2022-08-24,5205,long,0.8145,5.0,2022-09-06,10
2022-08-24,6461,long,0.1988,5.0,2022-09-06,10
2022-08-24,8478,long,0.6165,5.0,2022-09-08,12
2022-08-25,3520,long,0.5045,5.0,2022-09-07,10
2022-08-25,6649,long,0.3941,5.0,2022-09-07,10
2022-08-26,3043,long,0.7907,45.0,2022-09-14,13
2022-08-26,4743,long,0.3757,5.0,2022-09-14,13
2022-08-26,4768,long,0.3918,5.0,2022-09-08,10
2022-08-26,6767,long,0.399,5.0,2022-09-08,10
2022-08-26,9928,long,1.1901,5.0,2022-09-08,10
2022-08-29,4770,long,0.4337,5.0,2022-09-12,10
2022-09-02,6666,long,0.3768,5.0,2022-09-16,10
2022-09-02,6683,long,0.3142,5.0,2022-09-16,10
2022-09-05,3383,long,,45.0,2022-09-19,10
2022-09-07,4168,long,0.551,5.0,2022-09-21,10
2022-09-08,3373,long,0.4447,5.0,2022-09-22,10
2022-09-13,2364,long,0.2008,20.0,2022-09-26,10
2022-09-13,3205,long,0.2041,5.0,2022-09-26,10
2022-09-13,3523,long,0.5778,10.0,2022-09-26,10
2022-09-16,8426,long,0.5786,5.0,2022-10-04,13
2022-09-16,9105,long,,,2022-09-29,10
2022-09-28,5703,long,0.4038,5.0,2022-10-12,10
2022-09-29,4304,long,0.3476,5.0,2022-10-13,10
2022-10-04,6550,long,-0.398,5.0,2022-10-20,12
2022-10-06,2364,long,0.0599,20.0,2022-10-24,12
2022-10-06,9103,long,,,2022-10-20,10
2022-10-07,3228,long,-0.2158,5.0,2022-11-01,17
2022-10-12,2540,long,-0.311,5.0,2022-10-25,10
2022-10-14,6287,long,1.5714,45.0,2022-10-27,10
2022-10-17,3686,long,-0.083,5.0,2022-10-28,10
2022-10-18,3219,long,-0.4626,5.0,2022-10-31,10
2022-10-21,6247,long,0.3955,5.0,2022-11-03,10
2022-11-01,9103,long,,,2023-01-03,40
2022-11-03,9105,long,,,2022-11-16,10
2022-11-07,3272,long,0.6857,5.0,2022-11-22,12
2022-11-07,9928,long,-0.2519,5.0,2022-11-18,10
2022-11-08,3228,long,-0.2589,20.0,2022-11-23,12
2022-11-09,8033,long,0.916,5.0,2022-11-22,10
2022-11-10,6556,long,0.6788,5.0,2022-11-23,10
2022-11-18,6472,long,0.5841,5.0,2022-12-05,12
2022-11-21,3095,long,12.8989,5.0,2022-12-02,10
2022-11-24,4943,long,-0.3759,45.0,2022-12-07,10
2022-11-29,1795,long,0.5955,5.0,2022-12-14,12
2022-11-29,1810,long,0.9908,5.0,2022-12-14,12
2022-12-01,8222,long,0.6401,5.0,2022-12-16,12
2022-12-05,2719,long,0.7909,5.0,2022-12-16,10
2022-12-06,4979,long,0.5892,5.0,2022-12-21,12
2022-12-09,1342,long,0.6771,5.0,2022-12-26,12
2022-12-09,9105,long,,,2022-12-22,10
2022-12-16,3228,long,-0.0476,20.0,2022-12-29,10
2022-12-16,3693,long,0.4586,5.0,2023-01-03,12
2022-12-19,1701,long,0.5024,5.0,2022-12-30,10
2022-12-27,4747,long,0.9179,5.0,2023-01-10,10
2022-12-27,4943,long,0.4845,60.0,2023-01-17,15
2023-01-10,5340,long,0.6044,5.0,2023-01-17,6
2023-01-30,4943,long,0.726,60.0,2023-01-30,1
2023-01-30,5340,long,0.6202,5.0,2023-02-02,4
2023-02-03,6612,long,0.5404,5.0,2023-02-16,10
2023-02-06,9105,long,,,2023-03-08,20
2023-02-07,2482,long,0.5996,5.0,2023-02-22,12
2023-02-13,8227,long,0.3757,5.0,2023-02-24,10
2023-02-14,6472,long,0.2441,5.0,2023-03-03,12
2023-02-15,6865,long,0.267,5.0,2023-03-02,10
2023-02-16,2453,long,0.5859,5.0,2023-03-07,12
2023-02-20,2754,long,0.3614,5.0,2023-03-09,12
2023-02-21,6874,long,0.938,5.0,2023-03-16,16
2023-02-23,2719,long,1.01,5.0,2023-03-10,10
2023-02-23,8940,long,0.589,5.0,2023-03-10,10
2023-02-24,3058,long,0.5535,5.0,2023-03-13,10
2023-02-24,9103,long,,,2023-03-13,10
2023-03-01,2739,long,0.7676,5.0,2023-03-17,13
2023-03-01,5701,long,0.4448,45.0,2023-03-14,10
2023-03-01,6791,long,0.6684,5.0,2023-03-14,10
2023-03-03,8996,long,0.1341,5.0,2023-03-20,12
2023-03-06,6751,long,0.6,5.0,2023-03-17,10
2023-03-07,6752,long,1.2734,5.0,2023-03-20,10
2023-03-07,8033,long,0.4319,5.0,2023-03-20,10
2023-03-08,6811,long,0.3833,5.0,2023-03-21,10
2023-03-10,3362,long,0.474,5.0,2023-03-27,12
2023-03-13,2429,long,0.5913,5.0,2023-03-24,10
2023-03-13,7402,long,0.8924,5.0,2023-03-24,10
2023-03-14,911608,long,,,2023-03-27,10
2023-03-15,8227,long,0.7631,20.0,2023-03-30,12
2023-03-16,9105,long,,,2023-03-29,10
2023-03-17,2754,long,-0.1453,20.0,2023-03-30,10
2023-03-17,6291,long,0.3761,5.0,2023-03-30,10
2023-03-24,6751,long,0.9841,20.0,2023-03-31,6
2023-03-27,1435,long,-0.2704,5.0,2023-03-31,5
2023-03-27,6874,long,0.379,20.0,2023-03-31,5
2023-03-28,4763,long,-0.0941,5.0,2023-03-31,4
2023-03-28,6160,long,0.3777,5.0,2023-03-31,4
2023-03-28,8033,long,0.119,20.0,2023-03-31,4
2023-03-28,8478,long,0.3521,5.0,2023-03-31,4
2023-03-28,8996,long,-0.047,20.0,2023-03-31,4
2023-03-29,3629,long,0.4968,5.0,2023-03-31,3
2023-03-29,5381,long,0.777,10.0,2023-03-31,3
2023-03-30,6517,long,0.4647,5.0,2023-03-31,2
2023-03-31,6472,long,0.4708,5.0,2023-03-31,1
2023-04-06,1435,long,-0.3224,5.0,2023-04-12,5
2023-04-06,3629,long,0.2662,5.0,2023-04-14,7
2023-04-06,4763,long,0.0296,5.0,2023-04-26,15
2023-04-06,5381,long,1.1216,25.0,2023-04-19,10
2023-04-06,6160,long,0.4146,5.0,2023-04-13,6
2023-04-06,6472,long,0.4203,5.0,2023-04-20,11
2023-04-06,6517,long,0.6709,5.0,2023-04-20,11
2023-04-06,6751,long,0.2908,20.0,2023-04-11,4
2023-04-06,6874,long,0.1795,20.0,2023-04-12,5
2023-04-06,8033,long,0.0265,20.0,2023-04-13,6
2023-04-06,8478,long,0.3121,5.0,2023-04-17,8
2023-04-06,8996,long,0.0,20.0,2023-04-13,6
2023-04-10,2482,long,0.2568,5.0,2023-04-21,10
2023-04-10,3664,long,0.6331,5.0,2023-04-26,13
2023-04-12,8227,long,-0.1602,20.0,2023-04-25,10
2023-04-14,2358,long,-0.3188,10.0,2023-04-27,10
2023-04-14,4804,long,-0.3651,10.0,2023-04-27,10
2023-04-14,5314,long,0.4211,5.0,2023-04-27,10
2023-04-17,3308,long,0.7618,5.0,2023-05-04,13
2023-04-17,3494,long,-0.3378,10.0,2023-04-28,10
2023-04-17,9105,long,,,2023-04-28,10
2023-04-18,3693,long,0.6742,5.0,2023-05-04,12
2023-04-18,6465,long,0.3659,5.0,2023-05-02,10
2023-04-20,1529,long,0.7175,5.0,2023-05-04,10
2023-04-20,1584,long,0.5111,5.0,2023-05-08,12
2023-04-20,2630,long,0.3434,5.0,2023-05-04,10
2023-04-20,4728,long,0.75,5.0,2023-05-09,13
2023-04-21,1810,long,0.5268,5.0,2023-05-05,10
2023-04-21,8033,long,0.225,20.0,2023-05-05,10
2023-04-24,3058,long,0.4118,5.0,2023-05-08,10
2023-04-25,6235,long,0.3468,5.0,2023-05-09,10
2023-04-25,6791,long,0.5394,5.0,2023-05-09,10
2023-04-26,3629,long,0.8424,20.0,2023-05-10,10
2023-04-27,4147,long,0.1755,5.0,2023-05-11,10
2023-04-27,6874,long,0.1921,20.0,2023-05-15,12
2023-04-28,4741,long,0.3993,5.0,2023-05-12,10
2023-05-02,1727,long,0.6,5.0,2023-05-15,10
2023-05-04,8227,long,-0.0947,20.0,2023-05-19,12
2023-05-08,6148,long,0.9599,5.0,2023-05-23,12
2023-05-08,6752,long,0.4023,5.0,2023-05-19,10
2023-05-09,2424,long,0.5372,5.0,2023-05-22,10
2023-05-09,3664,long,0.5181,20.0,2023-05-22,10
2023-05-09,6111,long,0.5072,5.0,2023-05-24,12
2023-05-09,9105,long,,,2023-06-21,30
2023-05-11,4160,long,0.8435,5.0,2023-05-24,10
2023-05-12,6276,long,0.3792,5.0,2023-06-01,15
2023-05-15,2230,long,-0.0278,5.0,2023-05-26,10
2023-05-15,8033,long,0.0443,20.0,2023-05-26,10
2023-05-18,2743,long,0.5883,5.0,2023-06-07,15
2023-05-18,911608,long,,,2023-05-31,10
2023-05-19,2745,long,0.5345,5.0,2023-06-06,13
2023-05-19,6198,long,0.6332,5.0,2023-06-01,10
2023-05-22,8426,long,0.5095,5.0,2023-06-02,10
2023-05-23,2427,long,0.7133,5.0,2023-06-05,10
2023-05-24,6697,long,0.6913,5.0,2023-06-09,13
2023-05-25,2719,long,0.8454,5.0,2023-06-07,10
2023-05-25,9103,long,,,2023-06-07,10
2023-05-30,2736,long,0.8207,5.0,2023-06-14,12
2023-05-31,5301,long,0.4534,5.0,2023-06-13,10
2023-05-31,6643,long,0.5017,5.0,2023-06-13,10
2023-06-01,8227,long,0.0483,20.0,2023-06-14,10
2023-06-02,6291,long,0.4771,5.0,2023-06-15,10
2023-06-05,4543,long,0.8352,5.0,2023-06-16,10
2023-06-08,8996,long,0.3231,5.0,2023-06-21,10
2023-06-09,2734,long,1.0552,5.0,2023-06-26,10
2023-06-09,4946,long,0.2701,10.0,2023-06-26,10
2023-06-12,2745,long,1.1553,20.0,2023-06-27,10
2023-06-13,6625,long,0.4159,5.0,2023-06-30,12
2023-06-14,5703,long,0.7329,5.0,2023-06-29,10
2023-06-14,6577,long,0.7547,5.0,2023-06-29,10
2023-06-14,8034,long,0.4534,5.0,2023-06-29,10
2023-06-15,2743,long,0.6939,20.0,2023-07-04,12
2023-06-15,4533,long,0.7638,5.0,2023-07-05,13
2023-06-20,5381,long,0.1558,10.0,2023-07-05,10
2023-06-20,6235,long,0.4513,5.0,2023-07-07,12
2023-06-21,2468,long,0.5625,5.0,2023-07-06,10
2023-06-27,2722,long,0.5819,5.0,2023-07-12,12
2023-06-27,6120,long,0.4319,5.0,2023-07-10,10
2023-06-27,6125,long,1.0,5.0,2023-07-21,19
2023-06-28,6643,long,0.1597,20.0,2023-07-11,10
2023-06-29,1471,long,0.5186,5.0,2023-07-12,10
2023-06-29,2059,long,0.4541,5.0,2023-07-17,13
2023-06-29,3073,long,0.2308,5.0,2023-07-12,10
2023-06-29,9950,long,0.4865,45.0,2023-07-12,10
2023-06-30,1519,long,0.0887,5.0,2023-07-31,20
2023-06-30,3089,long,0.6232,10.0,2023-07-28,21
2023-07-04,3664,long,0.1134,5.0,2023-07-17,10
2023-07-04,9105,long,,,2023-07-17,10
2023-07-05,8996,long,0.3752,20.0,2023-07-18,10
2023-07-06,2230,long,0.4259,5.0,2023-07-21,12
2023-07-06,6451,long,0.4229,5.0,2023-07-19,10
2023-07-07,3013,long,0.4874,5.0,2023-07-20,10
2023-07-10,3564,long,0.3719,5.0,2023-07-21,10
2023-07-10,4905,long,0.6731,5.0,2023-07-21,10
2023-07-10,6117,long,0.6869,5.0,2023-07-21,10
2023-07-10,8048,long,0.3834,5.0,2023-07-21,10
2023-07-11,3018,long,0.626,45.0,2023-07-24,10
2023-07-11,4979,long,0.9496,5.0,2023-07-26,12
2023-07-11,8093,long,0.7917,5.0,2023-07-24,10
2023-07-12,2743,long,-0.0677,20.0,2023-07-27,12
2023-07-12,6538,long,0.4826,5.0,2023-07-25,10
2023-07-14,3231,long,0.8384,5.0,2023-07-27,10
2023-07-14,6419,long,0.4343,5.0,2023-07-27,10
2023-07-17,2745,long,-0.1084,20.0,2023-07-28,10
2023-07-17,3191,long,0.358,10.0,2023-07-28,10
2023-07-17,6703,long,0.4859,5.0,2023-07-28,10
2023-07-18,2388,long,0.5873,5.0,2023-07-31,10
2023-07-18,4419,long,0.409,45.0,2023-07-31,10
2023-07-19,6569,long,0.5396,5.0,2023-08-04,12
2023-07-20,2356,long,0.4422,5.0,2023-08-02,10
2023-07-20,3363,long,0.4828,5.0,2023-08-04,11
2023-07-20,3483,long,0.6688,5.0,2023-08-07,12
2023-07-20,3706,long,0.4435,5.0,2023-08-02,10
2023-07-21,6442,long,0.4558,5.0,2023-08-02,9
2023-07-21,6579,long,0.4615,5.0,2023-08-02,9
2023-07-24,2316,long,0.5097,5.0,2023-08-04,9
2023-07-24,3362,long,0.5845,5.0,2023-08-04,9
2023-07-24,6150,long,0.4099,5.0,2023-08-04,9
2023-07-24,6527,long,0.3936,5.0,2023-08-04,9
2023-07-24,6530,long,0.4071,5.0,2023-08-04,9
2023-07-25,3035,long,0.8688,5.0,2023-08-09,11
2023-07-25,4154,long,-0.5344,5.0,2023-08-10,12
2023-07-25,8210,long,0.6986,5.0,2023-08-07,9
2023-07-26,6811,long,0.7039,5.0,2023-08-11,12
2023-07-26,8996,long,0.2969,20.0,2023-08-08,9
2023-07-27,4188,long,0.5746,5.0,2023-08-09,9
2023-07-28,2421,long,0.5864,5.0,2023-08-10,9
2023-07-28,9105,long,,,2023-08-10,9
2023-08-01,2329,long,0.8498,5.0,2023-08-14,9
2023-08-04,4979,long,0.2351,20.0,2023-08-18,11
2023-08-08,5511,long,0.155,5.0,2023-08-21,10
2023-08-11,2743,long,-0.0842,20.0,2023-08-24,10
2023-08-18,4154,long,0.0062,20.0,2023-08-31,10
2023-08-21,3043,long,0.4897,5.0,2023-09-01,10
2023-08-23,3306,long,0.5421,5.0,2023-09-07,12
2023-08-23,3362,long,0.0404,20.0,2023-09-05,10
2023-08-25,4944,long,0.6014,5.0,2023-09-07,10
2023-08-25,6117,long,0.3321,5.0,2023-09-11,12
2023-08-28,6222,long,-0.436,5.0,2023-09-08,10
2023-08-29,5348,long,0.3223,5.0,2023-09-11,10
2023-08-31,4979,long,-0.0872,20.0,2023-09-13,10
2023-09-06,4542,long,1.511,5.0,2023-09-22,13
2023-09-07,6122,long,0.2531,5.0,2023-09-22,12
2023-09-07,9103,long,,,2023-09-20,10
2023-09-08,2816,long,0.6746,5.0,2023-09-21,10
2023-09-08,3548,long,0.5732,5.0,2023-09-21,10
2023-09-11,2358,long,0.4947,5.0,2023-09-22,10
2023-09-13,6236,long,0.553,10.0,2023-09-26,10
2023-09-15,1435,long,0.0989,0.0,2023-09-18,2
2023-09-19,5321,long,0.3194,5.0,2023-10-03,10
2023-10-02,9103,long,,,2023-10-17,10
2023-10-03,8420,long,-0.2696,10.0,2023-10-18,10
2023-10-04,5432,long,0.5058,5.0,2023-10-23,12
2023-10-05,6117,long,0.29,20.0,2023-10-24,12
2023-10-06,9105,long,,,2023-10-23,10
2023-10-11,2417,long,0.6042,5.0,2023-10-26,12
2023-10-16,8227,long,0.2551,5.0,2023-10-27,10
2023-10-18,2363,long,0.4407,5.0,2023-11-02,12
2023-10-19,2364,long,0.3045,5.0,2023-11-01,10
2023-10-19,6419,long,0.3735,5.0,2023-11-01,10
2023-10-19,6482,long,0.4899,5.0,2023-11-01,10
2023-10-23,4806,long,0.9355,45.0,2023-11-03,10
2023-10-23,6530,long,0.6366,5.0,2023-11-07,12
2023-10-23,6643,long,0.0869,5.0,2023-11-07,12
2023-10-26,3041,long,0.511,5.0,2023-11-08,10
2023-10-26,6404,long,-0.4404,10.0,2023-11-13,13
2023-10-30,6593,long,0.6849,5.0,2023-11-10,10
2023-11-01,4979,long,0.0734,5.0,2023-11-14,10
2023-11-03,3715,long,0.0407,5.0,2023-11-16,10
2023-11-03,8054,long,0.654,5.0,2023-11-20,12
2023-11-06,8227,long,0.138,20.0,2023-11-17,10
2023-11-07,9103,long,,,2023-11-20,10
2023-11-08,911608,long,,,2023-11-21,10
2023-11-09,1449,long,0.407,5.0,2023-11-22,10
2023-11-09,9105,long,,,2023-12-07,20
2023-11-14,4806,long,0.6059,60.0,2023-11-27,10
2023-11-15,6643,long,0.0714,20.0,2023-11-28,10
2023-11-16,6122,long,0.539,5.0,2023-12-01,12
2023-11-17,4183,long,0.38,5.0,2023-11-30,10
2023-11-20,1515,long,0.5518,5.0,2023-12-05,12
2023-11-20,3085,long,-0.2692,10.0,2023-12-01,10
2023-11-21,2543,long,0.9631,5.0,2023-12-04,10
2023-11-21,5314,long,0.769,5.0,2023-12-04,10
2023-11-21,6404,long,-0.5598,60.0,2023-12-04,10
2023-11-23,3228,long,1.0992,5.0,2023-12-06,10
2023-11-23,8467,long,0.7184,5.0,2023-12-06,10
2023-11-24,2380,long,-0.2807,10.0,2023-12-07,10
2023-11-24,3623,long,1.1969,5.0,2023-12-12,13
2023-11-27,8227,long,0.1773,20.0,2023-12-08,10
2023-11-28,8089,long,0.8883,5.0,2023-12-11,10
2023-11-28,911608,long,,,2023-12-11,10
2023-11-29,3362,long,0.3222,5.0,2023-12-12,10
2023-11-29,3437,long,0.6384,5.0,2023-12-12,10
2023-11-29,6716,long,0.7274,5.0,2023-12-12,10
2023-11-29,9103,long,,,2024-01-03,25
2023-11-30,6204,long,0.7163,5.0,2023-12-13,10
2023-12-04,1325,long,0.7511,5.0,2023-12-15,10
2023-12-04,3373,long,0.4877,5.0,2023-12-19,12
2023-12-04,3548,long,0.538,5.0,2023-12-15,10
2023-12-04,5478,long,0.8139,5.0,2023-12-20,13
2023-12-05,4420,long,0.5117,5.0,2023-12-18,10
2023-12-05,6276,long,0.8045,5.0,2023-12-18,10
2023-12-05,6482,long,0.2147,5.0,2023-12-18,10
2023-12-05,911868,long,,,2023-12-18,10
2023-12-05,9919,long,0.8022,5.0,2023-12-20,12
2023-12-08,5210,long,1.1293,5.0,2023-12-21,10
2023-12-08,6117,long,0.5632,5.0,2023-12-21,10
2023-12-12,6222,long,0.7314,5.0,2023-12-25,10
2023-12-13,4413,long,0.4688,5.0,2023-12-26,10
2023-12-14,3287,long,0.5787,5.0,2023-12-29,12
2023-12-15,5426,long,0.6381,5.0,2023-12-28,10
2023-12-15,6593,long,0.4776,5.0,2023-12-28,10
2023-12-18,6643,long,0.1205,20.0,2023-12-29,10
2023-12-19,5432,long,0.776,5.0,2024-01-04,12
2023-12-20,3623,long,-0.1463,20.0,2024-01-03,10
2023-12-22,8227,long,0.0037,20.0,2024-01-05,10
2023-12-25,5314,long,0.5547,20.0,2024-01-08,10
2023-12-25,8054,long,0.3325,5.0,2024-01-19,19
2023-12-28,8059,long,0.5839,5.0,2024-01-18,15
2023-12-29,6231,long,0.6271,5.0,2024-01-16,12
2024-01-03,911608,long,,,2024-01-16,10
2024-01-08,3288,long,0.704,5.0,2024-01-19,10
2024-01-08,6113,long,0.8031,5.0,2024-01-23,12
2024-01-11,3086,long,0.4512,5.0,2024-01-24,10
2024-01-12,8467,long,0.376,5.0,2024-01-29,12
2024-01-12,9103,long,,,2024-02-05,17
2024-01-15,8227,long,0.1736,20.0,2024-01-26,10
2024-01-17,5314,long,0.6643,20.0,2024-01-30,10
2024-01-18,3228,long,0.5734,5.0,2024-01-31,10
2024-01-18,4529,long,0.6348,5.0,2024-01-31,10
2024-01-18,6425,long,0.4527,5.0,2024-01-31,10
2024-01-22,6535,long,0.6018,5.0,2024-02-05,11
2024-01-24,6187,long,0.275,5.0,2024-02-05,9
2024-01-29,9105,long,,,2024-02-05,6
2024-01-30,9136,long,,,2024-02-05,5
2024-02-01,3360,long,0.7393,5.0,2024-02-05,3
2024-02-01,6462,long,1.2387,5.0,2024-02-05,3
2024-02-01,8080,long,0.7497,5.0,2024-02-05,3
2024-02-02,3294,long,0.6597,5.0,2024-02-05,2
2024-02-02,6229,long,0.5912,5.0,2024-02-05,2
2024-02-02,6465,long,0.4543,5.0,2024-02-05,2
2024-02-05,1418,long,0.4612,5.0,2024-02-05,1
2024-02-05,5314,long,1.7011,20.0,2024-02-05,1
2024-02-05,8227,long,0.4872,20.0,2024-02-05,1
2024-02-15,1418,long,0.3956,5.0,2024-02-27,9
2024-02-15,3294,long,1.0158,5.0,2024-03-06,14
2024-02-15,3360,long,0.4525,5.0,2024-02-27,9
2024-02-15,5314,long,1.5527,20.0,2024-02-27,9
2024-02-15,6187,long,0.3471,5.0,2024-02-15,1
2024-02-15,6229,long,0.4442,5.0,2024-02-29,10
2024-02-15,6462,long,0.79,5.0,2024-02-27,9
2024-02-15,6465,long,0.3,5.0,2024-02-26,8
2024-02-15,6535,long,1.3,20.0,2024-02-19,3
2024-02-15,6643,long,0.5,5.0,2024-02-29,10
2024-02-15,8080,long,1.3147,20.0,2024-02-29,10
2024-02-15,8227,long,0.3845,20.0,2024-03-01,11
2024-02-15,9103,long,,,2024-02-19,3
2024-02-15,9105,long,,,2024-02-20,4
2024-02-15,9136,long,,,2024-02-21,5
2024-02-16,3268,long,0.3504,5.0,2024-03-01,10
2024-02-16,6584,long,0.8743,5.0,2024-03-06,13
2024-02-19,2465,long,0.9205,5.0,2024-03-07,13
2024-02-19,6805,long,0.5297,5.0,2024-03-04,10
2024-02-19,8054,long,0.5483,20.0,2024-03-04,10
2024-02-20,2365,long,0.6862,5.0,2024-03-07,12
2024-02-21,4714,long,0.5686,5.0,2024-03-11,13
2024-02-21,6785,long,1.1881,5.0,2024-03-06,10
2024-02-21,8089,long,0.4576,5.0,2024-03-06,10
2024-02-22,6640,long,0.5548,5.0,2024-03-19,18
2024-02-23,3321,long,0.5736,5.0,2024-03-08,10
2024-02-23,3362,long,0.6196,5.0,2024-03-08,10
2024-02-23,4945,long,0.3964,5.0,2024-03-08,10
2024-02-23,5284,long,0.6652,5.0,2024-03-08,10
2024-02-23,5443,long,0.4927,5.0,2024-03-08,10
2024-02-23,6187,long,0.5521,20.0,2024-03-08,10
2024-02-23,6425,long,1.0755,20.0,2024-03-08,10
2024-02-26,1519,long,0.5259,5.0,2024-03-11,10
2024-02-26,1809,long,0.8226,5.0,2024-03-14,13
2024-02-26,6442,long,1.0638,5.0,2024-03-13,12
2024-02-27,3313,long,1.0505,5.0,2024-03-12,10
2024-02-27,4588,long,0.4734,5.0,2024-03-12,10
2024-02-27,5381,long,0.342,5.0,2024-03-12,10
2024-02-27,8147,long,0.8432,5.0,2024-03-12,10
2024-02-29,4131,long,0.3556,5.0,2024-03-13,10
2024-03-01,8047,long,0.5397,5.0,2024-03-14,10
2024-03-01,8092,long,0.699,5.0,2024-03-20,14
2024-03-04,4303,long,1.1198,5.0,2024-03-20,13
2024-03-05,3363,long,0.7012,5.0,2024-03-20,12
2024-03-06,1725,long,0.8225,5.0,2024-03-19,10
2024-03-06,6227,long,0.6062,5.0,2024-03-19,10
2024-03-06,6535,long,0.3824,20.0,2024-03-19,10
2024-03-07,3372,long,0.6514,5.0,2024-03-20,10
2024-03-07,5314,long,0.7007,20.0,2024-03-20,10
2024-03-08,3376,long,0.5172,5.0,2024-03-25,12
2024-03-11,3013,long,0.4634,5.0,2024-03-26,12
2024-03-11,4943,long,0.771,45.0,2024-03-22,10
2024-03-11,8227,long,-0.3197,20.0,2024-03-27,13
2024-03-12,2417,long,0.5305,5.0,2024-03-25,10
2024-03-12,5310,long,0.7046,5.0,2024-03-25,10
2024-03-13,2404,long,0.4526,5.0,2024-03-26,10
2024-03-14,4909,long,0.8599,5.0,2024-03-27,10
2024-03-15,4994,long,1.0,5.0,2024-03-28,10
2024-03-15,5386,long,0.7366,5.0,2024-03-28,10
2024-03-15,6643,long,-0.1433,20.0,2024-03-28,10
2024-03-15,8040,long,0.5851,5.0,2024-03-28,10
2024-03-18,6187,long,0.0769,20.0,2024-03-29,10
2024-03-19,1519,long,0.3797,20.0,2024-04-03,12
2024-03-20,6230,long,0.4803,5.0,2024-04-02,10
2024-03-21,9103,long,,,2024-04-03,10
2024-03-25,1503,long,0.593,5.0,2024-04-09,10
2024-03-25,4127,long,0.6884,5.0,2024-04-12,13
2024-03-26,5493,long,0.5833,5.0,2024-04-10,10
2024-03-26,6640,long,0.5583,20.0,2024-04-10,10
2024-03-26,6753,long,0.5228,5.0,2024-04-10,10
2024-03-27,2359,long,0.7803,5.0,2024-04-22,17
2024-03-28,3228,long,0.1491,5.0,2024-04-12,10
2024-03-29,1616,long,0.4949,5.0,2024-04-15,10
2024-03-29,5314,long,0.867,20.0,2024-04-15,10
2024-04-01,8089,long,-0.2813,20.0,2024-04-16,10
2024-04-03,6197,long,0.4739,5.0,2024-04-18,10
2024-04-08,3629,long,0.4497,10.0,2024-04-19,10
2024-04-08,4198,long,0.9655,5.0,2024-04-24,13
2024-04-08,4909,long,0.4082,20.0,2024-04-19,10
2024-04-08,7402,long,0.0936,5.0,2024-04-23,12
2024-04-09,6139,long,0.6553,5.0,2024-04-24,12
2024-04-10,1587,long,0.6053,5.0,2024-04-23,10
2024-04-10,6187,long,0.0884,20.0,2024-04-23,10
2024-04-11,6207,long,0.4513,5.0,2024-04-24,10
2024-04-12,3466,long,0.4806,5.0,2024-04-25,10
2024-04-12,3555,long,0.3345,5.0,2024-04-25,10
2024-04-12,4304,long,-0.3096,45.0,2024-04-25,10
2024-04-15,2363,long,0.5142,5.0,2024-04-26,10
2024-04-15,4192,long,0.4208,5.0,2024-04-26,10
2024-04-16,1453,long,0.6478,5.0,2024-04-29,10
2024-04-16,1514,long,0.6432,5.0,2024-05-02,12
2024-04-16,4533,long,0.5447,5.0,2024-04-29,10
2024-04-17,2724,long,0.8987,10.0,2024-04-30,10
2024-04-17,3060,long,0.3254,5.0,2024-04-30,10
2024-04-17,3609,long,0.375,5.0,2024-04-30,10
2024-04-18,8077,long,0.5772,5.0,2024-05-02,10
2024-04-19,1570,long,-0.0377,5.0,2024-05-03,10
2024-04-19,6283,long,0.3508,5.0,2024-05-03,10
2024-04-22,4588,long,0.3048,5.0,2024-05-06,10
2024-04-22,4768,long,0.1765,5.0,2024-05-06,10
2024-04-22,9955,long,0.6488,5.0,2024-05-06,10
2024-04-23,1617,long,0.6718,5.0,2024-05-07,10
2024-04-23,5314,long,-0.2085,20.0,2024-05-10,13
2024-04-23,8420,long,-0.2935,10.0,2024-05-07,10
2024-04-25,3228,long,-0.4183,20.0,2024-05-09,10
2024-04-29,6199,long,0.1636,5.0,2024-05-13,10
2024-04-30,2745,long,0.4764,5.0,2024-05-14,10
2024-05-02,6264,long,1.1429,5.0,2024-05-15,10
2024-05-02,6425,long,0.2863,5.0,2024-05-15,10
2024-05-03,3234,long,0.3075,5.0,2024-05-16,10
2024-05-03,6230,long,0.6333,20.0,2024-05-16,10
2024-05-03,6552,long,0.4306,5.0,2024-05-20,12
2024-05-06,5301,long,0.4559,10.0,2024-05-17,10
2024-05-08,8906,long,0.7209,5.0,2024-05-21,10
2024-05-08,8996,long,0.1129,5.0,2024-05-23,12
2024-05-09,3466,long,0.5247,20.0,2024-05-22,10
2024-05-09,6442,long,0.195,5.0,2024-06-04,19
2024-05-10,6419,long,0.6394,5.0,2024-06-04,18
2024-05-14,4303,long,-0.0534,5.0,2024-05-27,10
2024-05-14,4562,long,0.6638,5.0,2024-05-27,10
2024-05-16,2615,long,0.6434,5.0,2024-05-31,12
2024-05-16,9103,long,,,2024-05-29,10
2024-05-17,2609,long,0.686,5.0,2024-05-30,10
2024-05-17,6863,long,0.5069,5.0,2024-05-30,10
2024-05-20,6535,long,-0.0237,5.0,2024-05-31,10
2024-05-21,2362,long,0.577,5.0,2024-06-03,10
2024-05-21,8089,long,0.2649,5.0,2024-06-03,10
2024-05-22,6446,long,0.4931,5.0,2024-06-04,10
2024-05-23,2374,long,0.4796,5.0,2024-06-07,12
2024-05-23,3064,long,1.3745,5.0,2024-06-11,13
2024-05-23,5392,long,0.7246,5.0,2024-06-05,10
2024-05-24,8033,long,0.0501,5.0,2024-06-06,10
2024-05-24,8071,long,0.5124,5.0,2024-06-06,10
2024-05-27,2359,long,0.5734,5.0,2024-06-12,12
2024-05-28,2392,long,0.6242,5.0,2024-06-11,10
2024-05-28,3363,long,0.308,5.0,2024-06-11,10
2024-05-28,3491,long,0.4481,5.0,2024-06-11,10
2024-05-28,4127,long,0.3572,5.0,2024-06-11,10
2024-05-29,2365,long,0.8901,5.0,2024-06-12,10
2024-05-29,5474,long,0.376,5.0,2024-06-12,10
2024-05-29,8291,long,0.504,45.0,2024-06-20,16
2024-05-30,3466,long,0.9058,20.0,2024-06-13,10
2024-05-30,3537,long,0.5407,5.0,2024-06-13,10
2024-05-30,8374,long,0.7492,5.0,2024-06-18,13
2024-05-30,9136,long,,,2024-06-13,10
2024-05-31,6231,long,0.5505,5.0,2024-06-14,10
2024-05-31,8996,long,0.1844,20.0,2024-06-14,10
2024-06-03,6160,long,0.4387,5.0,2024-06-17,10
2024-06-04,3312,long,0.5184,5.0,2024-06-20,12
2024-06-04,4549,long,0.9843,5.0,2024-06-18,10
2024-06-04,6695,long,0.4004,5.0,2024-06-18,10
2024-06-04,8455,long,0.6216,5.0,2024-06-18,10
2024-06-05,3379,long,0.8191,5.0,2024-07-04,20
2024-06-05,6117,long,0.8378,5.0,2024-06-19,10
2024-06-06,6512,long,0.4198,5.0,2024-06-20,10
2024-06-07,6895,long,0.4438,5.0,2024-06-21,10
2024-06-12,5484,long,0.7773,5.0,2024-06-28,13
2024-06-12,6228,long,0.5306,5.0,2024-06-25,10
2024-06-12,6442,long,0.4826,20.0,2024-06-27,12
2024-06-12,8089,long,0.2308,20.0,2024-06-25,10
2024-06-13,3122,long,0.4377,5.0,2024-06-28,12
2024-06-13,3229,long,0.6743,5.0,2024-06-26,10
2024-06-18,9105,long,,,2024-07-01,10
2024-06-19,1519,long,0.2927,5.0,2024-07-04,12
2024-06-19,3219,long,0.5857,5.0,2024-07-02,10
2024-06-19,4419,long,0.3599,5.0,2024-07-02,10
2024-06-19,4924,long,0.5862,5.0,2024-07-02,10
2024-06-19,6640,long,0.373,5.0,2024-07-02,10
2024-06-19,6643,long,0.243,5.0,2024-07-02,10
2024-06-19,9103,long,,,2024-07-02,10
2024-06-19,911608,long,,,2024-07-02,10
2024-06-20,2486,long,0.3779,5.0,2024-07-03,10
2024-06-21,6187,long,0.1213,5.0,2024-07-04,10
2024-06-21,6451,long,0.4362,5.0,2024-07-04,10
2024-06-21,6535,long,0.294,20.0,2024-07-04,10
2024-06-24,2438,long,1.3101,5.0,2024-07-10,13
2024-06-24,3363,long,0.0525,20.0,2024-07-05,10
2024-06-25,6598,long,0.4772,5.0,2024-07-08,10
2024-06-27,4526,long,0.4013,5.0,2024-07-12,12
2024-06-27,6431,long,0.3164,5.0,2024-07-10,10
2024-06-28,3297,long,0.5152,5.0,2024-07-11,10
2024-06-28,6869,long,0.5809,5.0,2024-07-18,15
2024-06-28,911868,long,,,2024-07-11,10
2024-07-01,3581,long,0.4784,5.0,2024-07-16,12
2024-07-01,3652,long,0.4079,5.0,2024-07-12,10
2024-07-01,5345,long,0.7708,10.0,2024-07-22,16
2024-07-01,6144,long,0.7469,5.0,2024-07-12,10
2024-07-02,4304,long,0.7214,45.0,2024-07-18,13
2024-07-02,8440,long,0.3939,5.0,2024-07-18,13
2024-07-02,9110,long,,,2024-07-15,10
2024-07-03,3686,long,0.5581,5.0,2024-07-16,10
2024-07-03,6895,long,1.1033,20.0,2024-07-16,10
2024-07-03,8089,long,0.1284,20.0,2024-07-16,10
2024-07-04,1784,long,0.6625,5.0,2024-07-17,10
2024-07-04,2429,long,1.2469,5.0,2024-07-17,10
2024-07-04,6661,long,0.3948,5.0,2024-07-17,10
2024-07-05,1587,long,0.0386,5.0,2024-07-18,10
2024-07-05,2349,long,0.8033,5.0,2024-07-23,13
2024-07-05,6658,long,0.6348,5.0,2024-07-18,10
2024-07-08,2467,long,0.6183,5.0,2024-07-23,12
2024-07-08,3018,long,0.5335,45.0,2024-07-19,10
2024-07-08,3492,long,0.472,5.0,2024-07-19,10
2024-07-08,4534,long,0.8735,5.0,2024-07-19,10
2024-07-08,5484,long,2.1474,20.0,2024-08-01,17
2024-07-08,6541,long,0.6609,10.0,2024-07-19,10
2024-07-08,6698,long,0.4516,5.0,2024-07-23,12
2024-07-08,8104,long,0.659,5.0,2024-07-19,10
2024-07-09,2486,long,0.2995,20.0,2024-07-22,10
2024-07-09,4562,long,0.8393,5.0,2024-07-22,10
2024-07-09,8374,long,0.7985,20.0,2024-07-22,10
2024-07-09,911608,long,,,2024-07-22,10
2024-07-10,4510,long,0.571,5.0,2024-07-30,13
2024-07-11,6133,long,0.5686,5.0,2024-07-26,10
2024-07-11,6231,long,0.3207,20.0,2024-07-26,10
2024-07-11,8906,long,0.1663,5.0,2024-07-26,10
2024-07-12,3047,long,0.7695,5.0,2024-07-29,10
2024-07-12,6187,long,0.1769,20.0,2024-07-29,10
2024-07-12,6218,long,0.498,5.0,2024-07-29,10
2024-07-12,6937,long,0.5617,5.0,2024-07-29,10
2024-07-12,8937,long,0.5252,5.0,2024-07-29,10
2024-07-15,3593,long,0.5108,5.0,2024-07-30,10
2024-07-16,3363,long,0.1075,20.0,2024-07-31,10
2024-07-16,3535,long,1.2939,5.0,2024-07-31,10
2024-07-17,2243,long,0.4615,5.0,2024-08-06,13
2024-07-17,4927,long,0.4319,5.0,2024-08-01,10
2024-07-18,3379,long,0.721,20.0,2024-08-02,10
2024-07-18,4804,long,0.3814,45.0,2024-08-02,10
2024-07-18,6442,long,0.9664,20.0,2024-08-02,10
2024-07-22,6492,long,0.2854,5.0,2024-08-06,10
2024-07-23,3073,long,1.8354,5.0,2024-08-07,10
2024-07-23,6692,long,0.8204,5.0,2024-08-07,10
2024-07-26,8089,long,0.0791,20.0,2024-08-08,10
2024-07-29,6144,long,1.3008,20.0,2024-08-09,10
2024-07-30,8085,long,-0.3937,5.0,2024-08-12,10
2024-07-31,3228,long,-0.2928,5.0,2024-08-13,10
2024-07-31,6228,long,0.7434,5.0,2024-08-13,10
2024-08-05,2524,long,1.1389,5.0,2024-08-20,12
2024-08-05,6199,long,0.7985,5.0,2024-08-21,13
2024-08-06,2924,long,0.42,10.0,2024-08-19,10
2024-08-07,6640,long,-0.111,5.0,2024-08-20,10
2024-08-09,1540,long,0.8072,5.0,2024-08-26,12
2024-08-09,4510,long,0.6365,20.0,2024-08-26,12
2024-08-12,6643,long,-0.3701,5.0,2024-08-23,10
2024-08-12,911868,long,,,2024-08-23,10
2024-08-16,3230,long,0.8116,5.0,2024-09-03,13
2024-08-16,3303,long,0.34,5.0,2024-08-29,10
2024-08-16,6754,long,0.3641,5.0,2024-08-29,10
2024-08-19,3219,long,0.0223,5.0,2024-08-30,10
2024-08-19,3284,long,0.3838,5.0,2024-08-30,10
2024-08-19,6187,long,0.3074,20.0,2024-08-30,10
2024-08-20,1225,long,0.2937,5.0,2024-09-02,10
2024-08-21,9103,long,,,2024-09-03,10
2024-08-22,2070,long,0.5701,5.0,2024-09-06,12
2024-08-22,2438,long,-0.077,5.0,2024-09-04,10
2024-08-22,6570,long,0.1749,5.0,2024-09-04,10
2024-08-23,5905,long,0.4783,5.0,2024-09-05,10
2024-08-26,4729,long,0.3681,5.0,2024-09-06,10
2024-08-28,3073,long,0.1127,20.0,2024-09-12,12
2024-08-28,8080,long,0.6625,5.0,2024-09-19,16
2024-08-28,9105,long,,,2024-09-10,10
2024-08-29,4741,long,0.4136,5.0,2024-09-11,10
2024-08-29,911608,long,,,2024-09-11,10
2024-08-30,2424,long,0.6093,5.0,2024-09-12,10
2024-08-30,3550,long,0.6077,5.0,2024-09-12,10
2024-08-30,5364,long,0.7057,5.0,2024-09-12,10
2024-08-30,8039,long,0.2699,5.0,2024-09-12,10
2024-09-02,5386,long,0.5138,5.0,2024-09-13,10
2024-09-03,2425,long,0.4777,5.0,2024-09-16,10
2024-09-03,4526,long,0.481,5.0,2024-09-19,12
2024-09-03,4583,long,0.7605,5.0,2024-09-16,10
2024-09-03,8111,long,0.4455,5.0,2024-09-16,10
2024-09-04,3081,long,0.9353,5.0,2024-09-20,12
2024-09-04,3450,long,0.6651,5.0,2024-09-20,12
2024-09-06,1735,long,0.4403,5.0,2024-09-20,10
2024-09-09,4569,long,0.9027,5.0,2024-09-26,13
2024-09-16,4950,long,0.8168,45.0,2024-10-07,13
2024-09-16,6231,long,0.1924,5.0,2024-09-30,10
2024-09-18,8249,long,0.8617,5.0,2024-10-01,10
2024-09-19,5438,long,0.7003,5.0,2024-10-04,10
2024-09-19,6187,long,0.4187,20.0,2024-10-08,12
2024-09-19,8032,long,0.6466,5.0,2024-10-04,10
2024-09-19,911608,long,,,2024-10-04,10
2024-09-20,5314,long,0.2151,5.0,2024-10-07,10
2024-09-20,5443,long,0.1984,5.0,2024-10-07,10
2024-09-20,8996,long,0.1292,5.0,2024-10-07,10
2024-09-23,2033,long,0.3006,5.0,2024-10-08,10
2024-09-23,3354,long,0.55,5.0,2024-10-08,10
2024-09-23,5234,long,0.7,5.0,2024-10-11,12
2024-09-23,6643,long,-0.016,20.0,2024-10-08,10
2024-09-24,1721,long,0.5435,5.0,2024-10-09,10
2024-09-24,3230,long,0.2683,20.0,2024-10-09,10
2024-09-25,3085,long,0.5751,10.0,2024-10-11,10
2024-09-25,3167,long,0.4018,5.0,2024-10-15,12
2024-09-25,5210,long,0.3158,5.0,2024-10-11,10
2024-09-25,6144,long,0.1564,5.0,2024-10-11,10
2024-09-26,6706,long,0.3203,5.0,2024-10-14,10
2024-10-01,1799,long,-0.5,5.0,2024-10-17,10
2024-10-01,4402,long,-0.3942,5.0,2024-10-17,10
2024-10-07,6246,long,0.8667,5.0,2024-10-21,10
2024-10-08,3081,long,0.7755,20.0,2024-10-24,12
2024-10-08,5907,long,0.6265,5.0,2024-10-22,10
2024-10-09,2929,long,0.6667,5.0,2024-10-23,10
2024-10-09,8404,long,0.7071,5.0,2024-10-23,10
2024-10-11,00887,long,,,2024-10-24,10
2024-10-14,3234,long,0.4215,5.0,2024-10-25,10
2024-10-14,3363,long,0.4819,5.0,2024-10-25,10
2024-10-15,5543,long,-0.39,10.0,2024-10-28,10
2024-10-17,4956,long,0.4821,5.0,2024-11-04,12
2024-10-17,4991,long,0.6588,5.0,2024-10-30,10
2024-10-17,6187,long,0.1901,20.0,2024-10-30,10
2024-10-21,6546,long,-0.2998,5.0,2024-11-04,10
2024-10-22,6763,long,0.5539,5.0,2024-11-08,13
2024-10-23,4576,long,0.2995,5.0,2024-11-08,12
2024-10-24,6151,long,0.5481,5.0,2024-11-07,10
2024-10-29,3447,long,1.0124,5.0,2024-11-14,12
2024-10-29,6791,long,0.6191,5.0,2024-11-12,10
2024-10-30,4558,long,0.5368,5.0,2024-11-13,10
2024-10-30,6144,long,-0.4052,20.0,2024-11-21,16
2024-11-01,8044,long,0.6076,5.0,2024-11-14,10
2024-11-04,2424,long,0.3161,5.0,2024-11-15,10
2024-11-04,3081,long,0.1607,20.0,2024-11-19,12
2024-11-05,3363,long,0.1123,20.0,2024-11-18,10
2024-11-06,6442,long,0.4543,5.0,2024-11-19,10
2024-11-06,8937,long,0.4651,5.0,2024-11-26,15
2024-11-07,8047,long,0.3302,5.0,2024-11-20,10
2024-11-11,4991,long,0.7427,20.0,2024-11-26,12
2024-11-13,6781,long,0.3684,5.0,2024-11-29,13
2024-11-15,3211,long,0.4471,5.0,2024-11-28,10
2024-11-18,4931,long,0.3268,5.0,2024-12-03,12
2024-11-22,3202,long,-0.518,10.0,2024-12-10,13
2024-11-22,3625,long,0.4125,5.0,2024-12-20,20
2024-11-25,3593,long,-0.4266,10.0,2024-12-11,13
2024-11-27,1569,long,0.5901,5.0,2024-12-12,12
2024-11-27,3081,long,0.054,20.0,2024-12-12,12
2024-11-27,5314,long,0.8186,5.0,2024-12-16,14
2024-11-28,3363,long,0.012,20.0,2024-12-11,10
2024-11-28,3597,long,0.4861,5.0,2024-12-11,10
2024-11-29,6144,long,-0.1755,20.0,2024-12-12,10
2024-12-02,8101,long,10.6316,10.0,2024-12-18,13
2024-12-06,6104,long,0.1558,5.0,2024-12-23,12
2024-12-09,6535,long,-0.3886,5.0,2024-12-25,13
2024-12-09,6781,long,0.5361,20.0,2024-12-20,10
2024-12-10,6426,long,0.5702,5.0,2024-12-23,10
2024-12-16,5278,long,-0.8475,5.0,2024-12-27,10
2024-12-16,6442,long,0.2343,20.0,2024-12-31,12
2024-12-18,3081,long,0.0658,20.0,2025-01-15,20
2024-12-19,4540,long,0.4726,5.0,2025-01-06,12
2024-12-20,911608,long,,,2025-01-03,10
2024-12-23,3019,long,0.4469,5.0,2025-01-08,12
2024-12-23,3363,long,0.1553,20.0,2025-01-06,10
2024-12-24,4571,long,0.4527,5.0,2025-01-09,12
2024-12-25,2466,long,0.7882,5.0,2025-01-13,13
2024-12-26,2250,long,0.5088,5.0,2025-01-09,10
2024-12-26,9103,long,,,2025-01-22,19
2024-12-27,6922,long,0.4807,5.0,2025-01-10,10
2024-12-30,9136,long,,,2025-01-13,10
2024-12-31,5314,long,0.6575,20.0,2025-01-17,13
2024-12-31,6104,long,0.1149,20.0,2025-01-14,10
2025-01-06,8033,long,0.1906,5.0,2025-01-17,10
2025-01-07,8937,long,0.2172,5.0,2025-01-20,10
2025-01-09,6442,long,0.1241,20.0,2025-01-22,10
2025-01-10,6477,long,0.2819,5.0,2025-01-22,9
2025-01-13,8045,long,0.6547,5.0,2025-01-22,8
2025-01-14,3363,long,0.1288,20.0,2025-01-22,7
2025-01-16,6547,long,0.4531,5.0,2025-01-22,5
2025-01-20,4772,long,0.4527,5.0,2025-01-22,3
2025-01-21,3379,long,0.5902,5.0,2025-01-22,2
2025-01-22,3081,long,0.4213,20.0,2025-01-22,1
2025-02-03,3081,long,0.5071,20.0,2025-02-17,11
2025-02-03,3363,long,0.5476,20.0,2025-02-07,5
2025-02-03,3379,long,0.4673,5.0,2025-02-14,10
2025-02-03,4772,long,0.5349,5.0,2025-02-11,7
2025-02-03,6477,long,0.4028,5.0,2025-02-05,3
2025-02-03,6547,long,0.3383,5.0,2025-02-07,5
2025-02-03,8045,long,0.7155,5.0,2025-02-04,2
2025-02-03,9103,long,,,2025-03-06,21
2025-02-04,6104,long,-0.0348,20.0,2025-02-17,10
2025-02-05,6558,long,0.4642,5.0,2025-02-18,10
2025-02-07,6485,long,0.3669,5.0,2025-02-20,10
2025-02-10,8096,long,0.4155,5.0,2025-02-27,14
2025-02-11,3349,long,0.3235,5.0,2025-02-24,10
2025-02-11,4154,long,0.387,5.0,2025-02-24,10
2025-02-11,6148,long,0.5198,5.0,2025-02-26,12
2025-02-12,6215,long,0.3447,5.0,2025-02-27,12
2025-02-13,4946,long,0.6717,5.0,2025-02-26,10
2025-02-13,6113,long,0.1636,5.0,2025-02-26,10
2025-02-14,4971,long,0.8304,5.0,2025-03-07,15
2025-02-14,6739,long,0.2732,5.0,2025-03-05,13
2025-02-17,2438,long,0.2175,5.0,2025-03-03,10
2025-02-18,8234,long,0.4932,5.0,2025-03-06,12
2025-02-19,6276,long,0.3701,5.0,2025-03-05,10
2025-02-20,911608,long,,,2025-03-06,10
2025-02-21,3363,long,0.2208,20.0,2025-03-07,10
2025-02-27,4534,long,0.3739,5.0,2025-03-13,10
2025-03-07,3081,long,-0.1402,20.0,2025-03-20,10
2025-03-07,3321,long,-0.405,10.0,2025-03-20,10
2025-03-10,5314,long,0.1135,5.0,2025-03-19,8
2025-03-14,4946,long,0.4573,20.0,2025-03-27,10
2025-03-17,3363,long,-0.1243,20.0,2025-03-28,10
2025-03-17,3528,long,0.5303,5.0,2025-04-01,12
2025-03-20,6113,long,0.2311,20.0,2025-04-08,12
2025-03-20,6227,long,0.4543,5.0,2025-04-08,12
2025-03-21,8088,long,0.4056,5.0,2025-04-09,12
2025-03-24,6130,long,0.5991,5.0,2025-04-11,13
2025-03-24,8111,long,0.5803,5.0,2025-04-10,12
2025-03-24,9103,long,,,2025-04-08,10
2025-03-25,2314,long,-0.5223,10.0,2025-04-14,13
2025-03-25,4943,long,-0.3118,45.0,2025-04-09,10
2025-03-26,8033,long,0.0843,5.0,2025-04-14,12
2025-03-28,2468,long,0.6571,5.0,2025-04-16,12
2025-03-28,4949,long,0.2152,5.0,2025-04-14,10
2025-03-28,6140,long,0.2493,5.0,2025-04-16,12
2025-03-31,5314,long,0.7595,20.0,2025-04-08,5
2025-04-09,3363,long,-0.4182,20.0,2025-04-25,13
2025-04-14,8937,long,-0.386,5.0,2025-04-25,10
2025-04-15,3055,long,-0.3921,5.0,2025-04-28,10
2025-04-15,3297,long,0.6262,5.0,2025-04-30,12
2025-04-15,5245,long,-0.384,5.0,2025-04-28,10
2025-04-15,6517,long,-0.0949,5.0,2025-04-28,10
2025-04-15,6668,long,-0.3462,5.0,2025-04-28,10
2025-04-16,911608,long,,,2025-04-29,10
2025-04-18,3434,long,0.6349,5.0,2025-05-02,10
2025-04-18,5314,long,-0.9545,20.0,2025-05-02,10
2025-04-18,6228,long,0.9665,5.0,2025-05-02,10
2025-04-21,3128,long,-0.2373,5.0,2025-05-05,10
2025-04-21,6560,long,0.1024,5.0,2025-05-05,10
2025-04-22,3081,long,-0.323,5.0,2025-05-06,10
2025-04-22,6916,long,0.0321,5.0,2025-05-06,10
2025-04-29,3147,long,0.6022,5.0,2025-05-15,12
2025-04-29,3709,long,0.5047,5.0,2025-05-13,10
2025-05-05,7714,long,0.4969,5.0,2025-05-16,10
2025-05-07,4946,long,1.7614,5.0,2025-05-20,10
2025-05-07,6441,long,0.0982,5.0,2025-05-20,10
2025-05-08,3073,long,0.568,5.0,2025-05-23,12
2025-05-13,3363,long,0.3962,20.0,2025-05-26,10
2025-05-15,6499,long,0.9024,5.0,2025-06-12,20
2025-05-15,6596,long,0.3837,5.0,2025-05-28,10
2025-05-16,3081,long,0.2757,20.0,2025-06-03,12
2025-05-16,6442,long,0.363,5.0,2025-05-29,10
2025-05-19,4554,long,0.4516,5.0,2025-06-05,13
2025-05-19,911608,long,,,2025-06-02,10
2025-05-20,6591,long,0.6295,5.0,2025-06-03,10
2025-05-20,8038,long,0.475,5.0,2025-06-03,10
2025-05-20,9103,long,,,2025-06-03,10
2025-05-22,3205,long,0.8192,5.0,2025-06-10,13
2025-05-26,1419,long,0.8233,5.0,2025-06-09,10
2025-05-27,4946,long,0.6047,20.0,2025-06-10,10
2025-05-27,6560,long,0.3957,20.0,2025-06-10,10
2025-05-28,3297,long,0.287,5.0,2025-06-13,12
2025-05-29,5475,long,0.5636,5.0,2025-06-12,10
2025-06-02,3294,long,0.3843,5.0,2025-06-17,12
2025-06-02,6574,long,0.471,5.0,2025-06-13,10
2025-06-02,9902,long,0.6513,5.0,2025-06-13,10
2025-06-03,1235,long,-0.388,5.0,2025-06-16,10
2025-06-03,6593,long,0.6651,5.0,2025-06-18,12
2025-06-06,3363,long,0.1867,20.0,2025-06-23,12
2025-06-06,4168,long,0.5534,5.0,2025-06-19,10
2025-06-10,6885,long,0.5235,5.0,2025-06-23,10
2025-06-11,6276,long,0.2906,5.0,2025-06-26,12
2025-06-16,3081,long,0.0452,20.0,2025-06-27,10
2025-06-18,7642,long,0.391,5.0,2025-07-01,10
2025-06-20,6499,long,0.3576,20.0,2025-07-07,12
2025-06-25,911608,long,,,2025-07-08,10
2025-06-26,3040,long,0.4475,5.0,2025-07-09,10
2025-06-26,6739,long,0.5885,5.0,2025-07-11,12
2025-06-26,6895,long,0.4263,5.0,2025-07-09,10
2025-06-27,2314,long,0.4234,45.0,2025-07-10,10
2025-07-01,4804,long,0.5065,45.0,2025-07-14,10
2025-07-02,3122,long,0.3507,5.0,2025-07-15,10
2025-07-07,3577,long,0.4621,5.0,2025-07-18,10
2025-07-07,8227,long,0.3192,5.0,2025-07-22,12
2025-07-08,3629,long,0.5473,45.0,2025-07-24,13
2025-07-14,3081,long,0.0648,20.0,2025-07-25,10
2025-07-14,5245,long,0.5332,5.0,2025-07-25,10
2025-07-16,5314,long,0.3893,5.0,2025-07-31,12
2025-07-16,8499,long,0.6944,5.0,2025-08-01,13
2025-07-17,3708,long,0.2851,5.0,2025-08-01,12
2025-07-17,4991,long,0.604,5.0,2025-08-01,12
2025-07-18,1595,long,0.3097,5.0,2025-08-04,12
2025-07-18,6933,long,0.3731,5.0,2025-08-05,13
2025-07-21,6499,long,-0.0437,20.0,2025-08-01,10
2025-07-21,8210,long,0.1435,5.0,2025-08-01,10
2025-07-21,8472,long,0.7048,5.0,2025-08-01,10
2025-07-25,4989,long,0.4873,5.0,2025-08-07,10
2025-07-25,6442,long,0.2827,5.0,2025-08-11,12
2025-07-30,6291,long,0.5235,5.0,2025-08-12,10
2025-08-01,3230,long,0.4748,5.0,2025-08-14,10
2025-08-01,6928,long,0.6366,5.0,2025-08-18,12
2025-08-01,8033,long,0.5698,5.0,2025-08-21,15
2025-08-01,8045,long,0.5778,5.0,2025-08-14,10
2025-08-04,3081,long,0.2516,20.0,2025-08-15,10
2025-08-05,2429,long,0.4882,5.0,2025-08-20,12
2025-08-06,4804,long,0.5974,60.0,2025-08-19,10
2025-08-07,3623,long,0.4006,5.0,2025-08-20,10
2025-08-07,6949,long,,5.0,2025-08-25,13
2025-08-07,8472,long,1.841,20.0,2025-08-20,10
2025-08-11,6129,long,0.3762,5.0,2025-08-22,10
2025-08-11,6727,long,0.6322,5.0,2025-09-01,16
2025-08-11,8021,long,0.5497,5.0,2025-09-08,20
2025-08-11,8038,long,0.3591,5.0,2025-08-22,10
2025-08-12,2406,long,0.8246,5.0,2025-08-25,10
2025-08-12,2493,long,0.4115,5.0,2025-08-25,10
2025-08-14,4991,long,0.0185,20.0,2025-08-27,10
2025-08-14,6895,long,0.2395,5.0,2025-09-01,13
2025-08-14,8935,long,0.544,5.0,2025-08-27,10
2025-08-15,5475,long,0.424,5.0,2025-09-02,13
2025-08-15,6215,long,0.52,5.0,2025-09-01,12
2025-08-18,3555,long,0.6538,5.0,2025-09-03,13
2025-08-19,1815,long,0.818,5.0,2025-09-01,10
2025-08-19,2630,long,0.8,5.0,2025-09-03,12
2025-08-19,3071,long,0.4804,5.0,2025-09-01,10
2025-08-19,3363,long,0.2142,5.0,2025-09-01,10
2025-08-19,3694,long,0.5967,5.0,2025-09-03,12
2025-08-19,4577,long,1.035,5.0,2025-09-01,10
2025-08-19,4989,long,0.8209,20.0,2025-09-01,10
2025-08-19,6283,long,0.3592,5.0,2025-09-01,10
2025-08-19,8358,long,1.0432,5.0,2025-09-01,10
2025-08-20,1717,long,0.6364,5.0,2025-09-02,10
2025-08-20,1802,long,1.1399,5.0,2025-09-04,12
2025-08-20,6418,long,0.7051,5.0,2025-09-02,10
2025-08-20,911608,long,,,2025-09-02,10
2025-08-21,4722,long,0.8105,5.0,2025-09-08,13
2025-08-21,4768,long,0.2255,5.0,2025-09-03,10
2025-08-21,6733,long,0.4007,5.0,2025-09-03,10
2025-08-22,2380,long,0.6704,45.0,2025-09-04,10
2025-08-22,6213,long,0.4435,5.0,2025-09-04,10
2025-08-25,3081,long,0.1258,20.0,2025-09-05,10
2025-08-27,3685,long,0.6143,5.0,2025-09-12,13
2025-08-27,8201,long,0.7639,5.0,2025-09-09,10
2025-08-29,8033,long,0.8096,20.0,2025-09-11,10
2025-09-02,3048,long,0.6173,5.0,2025-09-15,10
2025-09-02,3219,long,1.1978,5.0,2025-09-12,9
2025-09-02,4760,long,0.3383,5.0,2025-09-12,9
2025-09-02,4772,long,0.287,5.0,2025-09-12,9
2025-09-02,4931,long,0.3991,5.0,2025-09-12,9
2025-09-02,6584,long,0.3008,5.0,2025-09-15,10
2025-09-02,7402,long,0.2053,5.0,2025-09-24,17
2025-09-04,4991,long,-0.0682,20.0,2025-09-17,10
2025-09-04,6515,long,0.3973,5.0,2025-09-17,10
2025-09-04,6735,long,0.56,5.0,2025-09-17,10
2025-09-04,7703,long,0.7356,5.0,2025-09-17,10
2025-09-05,8038,long,0.1381,20.0,2025-09-18,10
2025-09-08,5438,long,0.4598,5.0,2025-09-19,10
2025-09-09,3363,long,0.3643,20.0,2025-09-22,10
2025-09-10,3167,long,0.0231,5.0,2025-09-23,10
2025-09-10,5314,long,0.4055,5.0,2025-09-23,10
2025-09-10,6418,long,1.0227,20.0,2025-09-23,10
2025-09-11,3313,long,0.3333,5.0,2025-09-24,10
2025-09-12,2429,long,0.8017,20.0,2025-09-25,10
2025-09-12,7714,long,0.5662,5.0,2025-09-25,10
2025-09-15,3323,long,0.3194,5.0,2025-10-01,12
2025-09-15,5475,long,0.0404,20.0,2025-09-26,10
2025-09-17,8299,long,0.4638,5.0,2025-10-01,10
2025-09-18,6895,long,-0.0598,20.0,2025-10-02,10
2025-09-19,8033,long,0.1245,20.0,2025-10-03,10
2025-09-22,2342,long,0.5867,5.0,2025-10-09,12
2025-09-22,3081,long,0.106,20.0,2025-10-07,10
2025-09-23,2408,long,0.721,5.0,2025-10-08,10
2025-09-23,6488,long,0.3867,5.0,2025-10-08,10
2025-09-30,6127,long,0.3022,5.0,2025-10-15,10
2025-10-01,6418,long,1.24,20.0,2025-10-20,12
2025-10-02,1795,long,0.3238,5.0,2025-10-17,10
2025-10-07,3430,long,0.6517,5.0,2025-10-23,12
2025-10-07,3555,long,0.3482,5.0,2025-10-21,10
2025-10-07,3628,long,0.5497,5.0,2025-10-21,10
2025-10-07,4722,long,0.6374,20.0,2025-10-21,10
2025-10-08,3581,long,0.6176,5.0,2025-10-22,10
2025-10-08,6785,long,0.2089,5.0,2025-10-22,10
2025-10-09,911608,long,,,2025-10-23,10
2025-10-13,8047,long,0.7921,5.0,2025-11-05,17
2025-10-13,8299,long,0.6036,20.0,2025-10-27,10
2025-10-14,3709,long,0.5579,5.0,2025-10-28,10
2025-10-14,4768,long,0.3472,5.0,2025-10-28,10
2025-10-14,4989,long,0.3837,5.0,2025-10-28,10
2025-10-14,5475,long,0.1796,20.0,2025-10-28,10
2025-10-14,7402,long,-0.1584,20.0,2025-10-28,10
2025-10-15,8033,long,-0.2381,20.0,2025-10-29,10
2025-10-16,4967,long,0.6667,5.0,2025-11-03,12
2025-10-16,8067,long,0.3413,5.0,2025-10-30,10
2025-10-16,8472,long,0.1731,5.0,2025-10-30,10
2025-10-17,5468,long,0.4065,5.0,2025-10-31,10
2025-10-17,6499,long,0.2676,5.0,2025-10-31,10
2025-10-20,8271,long,0.6966,5.0,2025-11-03,10
2025-10-20,8996,long,0.6137,5.0,2025-11-03,10
2025-10-21,2344,long,0.5765,5.0,2025-11-17,19
2025-10-21,8358,long,0.0525,5.0,2025-11-19,20
2025-10-23,8103,long,0.5798,5.0,2025-11-06,10
2025-10-27,4764,long,0.6897,5.0,2025-11-12,13
2025-10-27,6127,long,0.266,20.0,2025-11-07,10
2025-10-28,8043,long,0.7152,5.0,2025-11-12,12
2025-10-29,6727,long,0.0607,5.0,2025-11-11,10
2025-10-30,3693,long,0.4788,5.0,2025-11-17,13
2025-10-30,4304,long,0.7671,45.0,2025-11-25,19
2025-10-31,4171,long,0.326,5.0,2025-11-13,10
2025-11-03,3081,long,-0.0648,20.0,2025-11-14,10
2025-11-03,6535,long,-0.2721,5.0,2025-11-14,10
2025-11-04,3163,long,0.0525,5.0,2025-11-19,12
2025-11-05,2515,long,0.5213,5.0,2025-11-18,10
2025-11-05,5475,long,-0.0962,20.0,2025-11-18,10
2025-11-06,1519,long,0.3724,5.0,2025-11-19,10
2025-11-07,4991,long,0.1474,5.0,2025-11-24,12
2025-11-11,8996,long,0.4522,20.0,2025-11-24,10
2025-11-12,6488,long,-0.2025,5.0,2025-11-25,10
2025-11-12,7402,long,-0.1771,20.0,2025-11-25,10
2025-11-14,2451,long,0.7008,5.0,2025-11-27,10
2025-11-14,8110,long,0.9446,5.0,2025-11-27,10
2025-11-17,6265,long,0.5311,5.0,2025-11-28,10
2025-11-18,5340,long,0.4195,5.0,2025-12-01,10
2025-11-19,6155,long,0.3743,5.0,2025-12-02,10
2025-11-20,6584,long,0.2693,5.0,2025-12-03,10
2025-11-20,911608,long,,,2025-12-03,10
2025-11-25,5355,long,-0.2353,10.0,2025-12-08,10
2025-11-25,8043,long,0.5572,20.0,2025-12-08,10
2025-11-26,8277,long,-0.3664,10.0,2025-12-09,10
2025-11-26,8358,long,0.0155,20.0,2025-12-09,10
2025-11-28,4577,long,0.3769,5.0,2025-12-11,10
2025-12-01,6442,long,0.2673,5.0,2025-12-16,12
2025-12-01,6465,long,0.5132,5.0,2025-12-31,20
2025-12-02,3081,long,0.299,20.0,2025-12-15,10
2025-12-03,6624,long,0.7866,5.0,2025-12-17,11
2025-12-03,7402,long,0.0987,20.0,2025-12-18,12
2025-12-04,8033,long,-0.0217,5.0,2025-12-19,12
2025-12-05,2491,long,0.5677,5.0,2025-12-18,10
2025-12-05,3363,long,0.1403,5.0,2025-12-18,10
2025-12-05,3685,long,0.0448,5.0,2025-12-18,10
2025-12-05,4931,long,0.189,5.0,2026-01-08,22
2025-12-05,4991,long,-0.0092,20.0,2025-12-18,10
2025-12-05,6163,long,0.7146,5.0,2025-12-22,12
2025-12-05,7728,long,0.6179,5.0,2025-12-23,13
2025-12-05,7751,long,0.2976,5.0,2025-12-23,13
2025-12-08,2408,long,0.0408,5.0,2025-12-19,10
2025-12-08,8996,long,-0.1495,20.0,2025-12-19,10
2025-12-11,8111,long,0.0851,5.0,2025-12-24,10
2025-12-12,5475,long,0.2508,20.0,2025-12-26,10
2025-12-16,3163,long,0.6511,5.0,2026-01-02,12
2025-12-16,4542,long,0.5291,5.0,2025-12-30,10
2025-12-16,8110,long,0.4231,20.0,2026-01-02,12
2025-12-17,2349,long,0.8141,5.0,2025-12-31,10
2025-12-17,6443,long,0.7614,5.0,2025-12-31,10
2025-12-17,7717,long,1.0824,5.0,2026-01-14,19
2025-12-17,8358,long,0.1279,20.0,2025-12-31,10
2025-12-18,3229,long,0.7789,5.0,2026-01-02,10
2025-12-18,3491,long,0.386,5.0,2026-01-02,10
2025-12-18,5521,long,0.5138,5.0,2026-01-02,10
2025-12-22,4768,long,0.5294,5.0,2026-01-06,10
2025-12-22,4971,long,0.9406,5.0,2026-01-06,10
2025-12-23,3081,long,0.3754,20.0,2026-01-09,12
2025-12-23,6788,long,0.5651,5.0,2026-01-07,10
2025-12-29,4991,long,0.3844,20.0,2026-01-12,10
2025-12-31,3354,long,0.7404,5.0,2026-01-14,10
2025-12-31,5498,long,1.0074,5.0,2026-01-16,12
2026-01-02,1528,long,,5.0,2026-01-15,10
2026-01-02,2413,long,,5.0,2026-01-19,12
2026-01-02,3092,long,,5.0,2026-01-15,10
2026-01-02,3260,long,,5.0,2026-01-22,15
2026-01-02,3444,long,,5.0,2026-01-15,10
2026-01-02,3701,long,,5.0,2026-01-15,10
2026-01-02,6205,long,,5.0,2026-01-15,10
2026-01-05,6265,long,0.7984,5.0,2026-01-16,10
2026-01-05,8068,long,0.5328,5.0,2026-01-16,10
2026-01-06,3006,long,0.7617,5.0,2026-01-22,13
2026-01-06,3264,long,0.4492,5.0,2026-01-19,10
2026-01-06,7728,long,0.2553,20.0,2026-01-19,10
2026-01-06,8438,long,0.6803,5.0,2026-01-22,13
2026-01-07,3308,long,0.4211,5.0,2026-01-20,10
2026-01-07,3481,long,0.5174,5.0,2026-01-20,10
2026-01-07,4304,long,0.0867,45.0,2026-01-20,10
2026-01-07,5351,long,0.5779,5.0,2026-01-20,10
2026-01-07,8299,long,0.4954,5.0,2026-01-20,10
2026-01-09,2344,long,0.5217,5.0,2026-01-26,12
2026-01-09,2408,long,0.4907,20.0,2026-01-22,10
2026-01-09,6770,long,0.4065,5.0,2026-01-22,10
2026-01-09,8358,long,0.0039,20.0,2026-01-22,10
2026-01-12,2337,long,0.5757,5.0,2026-01-23,10
2026-01-12,3163,long,-0.0326,20.0,2026-01-23,10
2026-01-12,6116,long,0.4503,5.0,2026-01-23,10
2026-01-13,4967,long,0.4799,5.0,2026-01-26,10
2026-01-14,1789,long,0.4164,5.0,2026-01-27,10
2026-01-15,3693,long,0.416,5.0,2026-01-28,10
2026-01-15,8033,long,0.0694,20.0,2026-01-28,10
2026-01-16,3138,long,0.4905,5.0,2026-01-29,10
2026-01-16,8080,long,0.6754,5.0,2026-01-29,10
2026-01-16,8996,long,0.4719,20.0,2026-01-29,10
2026-01-20,2312,long,0.5629,5.0,2026-02-02,10
2026-01-20,2485,long,0.2902,5.0,2026-02-02,10
2026-01-20,3691,long,0.5987,5.0,2026-02-02,10
2026-01-20,4991,long,0.1289,20.0,2026-02-02,10
2026-01-20,8038,long,0.381,5.0,2026-02-02,10
2026-01-21,1721,long,0.7595,5.0,2026-02-03,10
2026-01-21,5328,long,0.5924,5.0,2026-02-03,10
2026-01-22,1528,long,0.8476,20.0,2026-02-04,10
2026-01-22,3432,long,0.3901,5.0,2026-02-04,10
2026-01-22,5340,long,0.5938,5.0,2026-02-04,10
2026-01-22,8046,long,0.4795,5.0,2026-02-09,13
2026-01-23,1802,long,0.4423,5.0,2026-02-05,10
2026-01-23,3491,long,0.5193,20.0,2026-02-11,14
2026-01-23,4561,long,0.3718,5.0,2026-02-05,10
2026-01-23,5475,long,0.2529,20.0,2026-02-05,10
2026-01-26,7780,long,-0.8241,5.0,2026-02-06,10
2026-01-26,8021,long,0.3706,5.0,2026-02-06,10
2026-01-26,8933,long,0.381,5.0,2026-02-06,10
2026-01-28,2489,long,0.5805,5.0,2026-02-10,10
2026-01-29,1471,long,0.5813,5.0,2026-02-11,10
2026-01-29,6949,long,,5.0,2026-02-11,10
2026-01-29,7717,long,0.5459,20.0,2026-02-11,10
2026-01-29,7777,long,0.3373,5.0,2026-02-11,10
2026-01-30,2486,long,0.3632,5.0,2026-02-11,9
2026-01-30,3081,long,0.615,20.0,2026-02-11,9
2026-01-30,8358,long,-0.0487,20.0,2026-02-11,9
2026-02-02,3163,long,0.0896,20.0,2026-02-11,8
2026-02-02,9103,long,0.4327,,2026-02-11,8
2026-02-03,6446,long,0.5556,5.0,2026-02-11,7
2026-02-03,6739,long,0.1355,5.0,2026-02-11,7
2026-02-03,8096,long,0.4159,5.0,2026-02-11,7
2026-02-04,3555,long,0.4013,5.0,2026-02-11,6
2026-02-04,6442,long,0.4077,5.0,2026-02-11,6
2026-02-04,6588,long,0.2941,5.0,2026-02-11,6
2026-02-04,6683,long,0.727,5.0,2026-02-11,6
2026-02-05,4971,long,0.3716,5.0,2026-02-11,5
2026-02-05,6426,long,0.4222,5.0,2026-02-11,5
2026-02-06,7728,long,0.3967,20.0,2026-02-11,4
2026-02-10,3508,long,0.3843,5.0,2026-02-11,2
2026-02-10,4991,long,0.1073,20.0,2026-02-11,2
2026-02-11,5386,long,0.7748,5.0,2026-02-11,1
2026-02-11,6584,long,0.3061,5.0,2026-02-11,1
2026-02-23,2486,long,,5.0,2026-02-23,1
2026-02-23,3081,long,,20.0,2026-02-26,4
2026-02-23,3163,long,,20.0,2026-03-31,24
2026-02-23,3230,long,,5.0,2026-03-09,10
2026-02-23,3491,long,,20.0,2026-03-25,21
2026-02-23,3508,long,,5.0,2026-03-05,8
2026-02-23,3555,long,,5.0,2026-02-26,4
2026-02-23,4971,long,,5.0,2026-03-04,7
2026-02-23,4991,long,,20.0,2026-03-17,16
2026-02-23,5340,long,,20.0,2026-03-09,10
2026-02-23,5386,long,,5.0,2026-04-15,35
2026-02-23,6426,long,,5.0,2026-03-13,14
2026-02-23,6442,long,,5.0,2026-02-26,4
2026-02-23,6446,long,,5.0,2026-02-25,3
2026-02-23,6584,long,,5.0,2026-03-06,9
2026-02-23,6588,long,,5.0,2026-03-16,15
2026-02-23,6683,long,,20.0,2026-03-04,7
2026-02-23,6739,long,,5.0,2026-02-25,3
2026-02-23,6949,long,,20.0,2026-02-25,3
2026-02-23,7728,long,,20.0,2026-03-03,6
2026-02-23,8096,long,,5.0,2026-02-25,3
2026-02-23,8358,long,,20.0,2026-02-23,1
2026-02-23,9103,long,,,2026-02-24,2
2026-02-24,2230,long,-0.458,5.0,2026-03-18,16
2026-02-24,3167,long,0.2247,5.0,2026-03-10,10
2026-02-24,7610,long,0.4566,5.0,2026-03-13,13
2026-02-25,8996,long,0.3691,20.0,2026-03-11,10
2026-02-26,3234,long,1.1034,5.0,2026-03-12,10
2026-02-26,3529,long,0.4836,5.0,2026-03-12,10
2026-02-26,5475,long,0.9372,20.0,2026-03-12,10
2026-02-26,6716,long,0.9472,5.0,2026-03-17,13
2026-02-26,6907,long,,5.0,2026-03-17,13
2026-02-26,7744,long,0.4202,5.0,2026-03-17,13
2026-03-02,2455,long,,5.0,2026-03-13,10
2026-03-02,2489,long,,20.0,2026-03-18,13
2026-03-02,3363,long,,5.0,2026-03-13,10
2026-03-02,8046,long,,20.0,2026-03-13,10
2026-03-02,8291,long,,10.0,2026-03-13,10
2026-03-03,2360,long,0.5226,5.0,2026-03-16,10
2026-03-03,3037,long,0.4984,5.0,2026-04-01,20
2026-03-03,3105,long,0.4932,5.0,2026-03-16,10
2026-03-03,4534,long,0.5747,5.0,2026-03-16,10
2026-03-03,4577,long,0.6995,5.0,2026-03-16,10
2026-03-03,4927,long,0.2643,5.0,2026-03-16,10
2026-03-03,4979,long,0.5705,5.0,2026-03-16,10
2026-03-03,5291,long,0.6771,5.0,2026-03-16,10
2026-03-03,6187,long,0.4694,5.0,2026-03-19,13
2026-03-03,6217,long,0.6885,5.0,2026-04-02,20
2026-03-03,6861,long,0.8997,5.0,2026-03-19,13
2026-03-03,7717,long,0.883,20.0,2026-03-25,17
2026-03-03,7751,long,0.6022,5.0,2026-04-02,20
2026-03-04,1802,long,0.2441,20.0,2026-03-17,10
2026-03-04,2338,long,0.2864,5.0,2026-03-17,10
2026-03-04,3092,long,0.4545,5.0,2026-03-17,10
2026-03-04,3576,long,1.5797,5.0,2026-03-17,10
2026-03-04,8289,long,0.6598,5.0,2026-03-17,10
2026-03-05,1589,long,-0.4936,45.0,2026-03-23,13
2026-03-05,2367,long,0.61,5.0,2026-03-18,10
2026-03-05,2467,long,0.5401,5.0,2026-03-18,10
2026-03-05,4768,long,0.1477,5.0,2026-03-18,10
2026-03-05,6785,long,-0.3769,5.0,2026-03-18,10
2026-03-05,6830,long,0.8535,5.0,2026-03-23,13
2026-03-06,1815,long,0.1273,5.0,2026-03-19,10
2026-03-06,6141,long,0.5126,5.0,2026-04-02,20
2026-03-06,6877,long,0.2598,5.0,2026-03-19,10
2026-03-06,8033,long,-0.0353,20.0,2026-03-19,10
2026-03-06,8358,long,-0.0611,20.0,2026-03-19,10
2026-03-09,6230,long,0.4777,5.0,2026-03-20,10
2026-03-09,6442,long,0.3252,20.0,2026-03-20,10
2026-03-10,2616,long,0.7256,5.0,2026-03-23,10
2026-03-10,4416,long,-0.4916,5.0,2026-03-26,13
2026-03-12,3081,long,0.555,20.0,2026-03-25,10
2026-03-12,4971,long,0.2283,20.0,2026-03-25,10
2026-03-13,3054,long,1.1506,5.0,2026-03-31,13
2026-03-13,5521,long,-0.3208,5.0,2026-03-26,10
2026-03-13,6715,long,1.375,5.0,2026-03-31,13
2026-03-16,2426,long,0.7769,5.0,2026-04-01,13
2026-03-16,6683,long,0.6236,20.0,2026-03-27,10
2026-03-17,3093,long,0.7287,5.0,2026-04-02,13
2026-03-17,3167,long,0.7271,20.0,2026-03-30,10
2026-03-17,3555,long,0.5279,20.0,2026-04-02,13
2026-03-17,4960,long,0.756,5.0,2026-03-30,10
2026-03-17,4973,long,0.626,5.0,2026-04-02,13
2026-03-17,5289,long,0.3625,5.0,2026-04-02,13
2026-03-17,5340,long,0.0263,20.0,2026-03-30,10
2026-03-17,8271,long,0.7887,5.0,2026-04-02,13
2026-03-18,6727,long,0.6143,5.0,2026-03-31,10
2026-03-19,2243,long,0.7672,5.0,2026-04-01,10
2026-03-19,2337,long,0.776,5.0,2026-04-08,13
2026-03-19,3260,long,0.5579,5.0,2026-04-01,10
2026-03-19,3437,long,0.3975,5.0,2026-04-01,10
2026-03-19,5351,long,0.6214,5.0,2026-04-01,10
2026-03-19,6103,long,0.4218,5.0,2026-04-01,10
2026-03-20,1711,long,0.8172,5.0,2026-04-02,10
2026-03-20,1735,long,0.8377,5.0,2026-04-02,10
2026-03-20,1799,long,0.2799,5.0,2026-04-02,10
2026-03-20,2485,long,1.0486,5.0,2026-04-02,10
2026-03-20,2486,long,0.1338,20.0,2026-04-02,10
2026-03-20,3006,long,0.3395,5.0,2026-04-02,10
2026-03-20,3066,long,0.5738,5.0,2026-04-02,10
2026-03-20,3189,long,0.5039,5.0,2026-04-08,12
2026-03-20,6167,long,0.3305,5.0,2026-04-02,10
2026-03-20,6226,long,0.6705,5.0,2026-04-02,10
2026-03-20,6451,long,0.5723,5.0,2026-04-02,10
2026-03-20,6574,long,0.6184,5.0,2026-04-02,10
2026-03-20,8240,long,0.5108,5.0,2026-04-02,10
2026-03-23,2399,long,0.6909,5.0,2026-04-07,10
2026-03-23,2451,long,0.4178,5.0,2026-04-07,10
2026-03-23,3693,long,0.4459,5.0,2026-04-07,10
2026-03-23,6426,long,0.1986,20.0,2026-04-07,10
2026-03-23,6907,long,2.0805,20.0,2026-04-16,17
2026-03-24,6465,long,0.3495,5.0,2026-04-08,10
2026-03-24,7711,long,0.2225,5.0,2026-04-08,10
2026-03-24,8155,long,0.274,5.0,2026-04-08,10
2026-03-25,3363,long,0.3273,20.0,2026-04-09,10
2026-03-25,4905,long,0.4167,5.0,2026-04-09,10
2026-03-25,6547,long,0.5928,5.0,2026-04-09,10
2026-03-25,6584,long,0.2414,20.0,2026-04-14,13
2026-03-26,3587,long,0.1752,5.0,2026-04-10,10
2026-03-26,6515,long,0.7733,5.0,2026-04-10,10
2026-03-27,4979,long,0.0148,20.0,2026-04-13,10
2026-03-27,4991,long,0.3642,20.0,2026-04-28,20
2026-03-30,6187,long,0.7697,20.0,2026-04-14,10
2026-03-31,2231,long,0.4881,5.0,2026-04-15,10
2026-03-31,6821,long,0.6267,5.0,2026-04-15,10
2026-04-01,3135,long,-0.1053,5.0,2026-04-16,10
2026-04-01,4154,long,0.2699,5.0,2026-04-16,10
2026-04-01,4971,long,0.144,20.0,2026-04-20,12
2026-04-02,1905,long,0.4459,5.0,2026-04-17,10
2026-04-02,4741,long,0.6193,5.0,2026-04-22,13
2026-04-02,7721,long,0.476,5.0,2026-04-17,10
2026-04-08,3167,long,0.6838,20.0,2026-04-29,16
2026-04-08,6727,long,0.7463,20.0,2026-04-21,10
2026-04-08,7734,long,0.3798,5.0,2026-04-21,10
2026-04-09,3664,long,-0.4388,45.0,2026-04-22,10
2026-04-09,6830,long,0.7128,20.0,2026-04-27,13
2026-04-10,3163,long,0.7429,20.0,2026-04-23,10
2026-04-10,3508,long,-0.2504,10.0,2026-04-28,13
2026-04-13,2455,long,0.3499,20.0,2026-04-24,10
2026-04-13,5243,long,0.6038,5.0,2026-04-24,10
2026-04-13,6683,long,0.5741,20.0,2026-04-24,10
2026-04-13,6806,long,-0.4541,10.0,2026-04-29,13
2026-04-14,3037,long,0.3042,20.0,2026-04-27,10
2026-04-14,3455,long,0.5702,5.0,2026-04-27,10
2026-04-14,3583,long,0.8474,5.0,2026-04-27,10
2026-04-14,6217,long,0.9355,20.0,2026-05-11,19
2026-04-14,6218,long,0.6587,5.0,2026-04-27,10
2026-04-14,6443,long,-0.2931,5.0,2026-05-12,20
2026-04-15,1591,long,0.3236,5.0,2026-04-28,10
2026-04-15,2426,long,0.5628,20.0,2026-04-28,10
2026-04-15,2467,long,0.5076,20.0,2026-04-28,10
2026-04-15,2486,long,0.2599,20.0,2026-04-28,10
2026-04-15,2489,long,0.1052,20.0,2026-04-28,10
2026-04-15,3026,long,1.125,5.0,2026-04-28,10
2026-04-15,3234,long,0.3394,5.0,2026-04-28,10
2026-04-15,6147,long,0.9218,5.0,2026-04-28,10
2026-04-15,6451,long,1.2088,20.0,2026-05-04,13
2026-04-15,6903,long,0.2022,5.0,2026-04-28,10
2026-04-15,7610,long,0.8723,5.0,2026-05-04,13
2026-04-15,8021,long,0.4374,5.0,2026-05-11,18
2026-04-15,8444,long,-0.4053,10.0,2026-04-28,10
2026-04-15,8996,long,0.2403,5.0,2026-04-28,10
2026-04-16,1785,long,0.699,5.0,2026-04-29,10
2026-04-16,3042,long,0.4108,5.0,2026-05-05,13
2026-04-16,3532,long,0.4549,5.0,2026-04-29,10
2026-04-16,4569,long,0.3921,5.0,2026-04-29,10
2026-04-16,4576,long,0.5732,5.0,2026-04-29,10
2026-04-16,4577,long,0.4786,5.0,2026-04-29,10
2026-04-16,4764,long,0.2296,5.0,2026-05-20,23
2026-04-16,4908,long,0.3493,5.0,2026-05-20,23
2026-04-16,4949,long,0.3404,5.0,2026-04-29,10
2026-04-17,3289,long,0.4677,5.0,2026-04-30,10
2026-04-17,3443,long,0.4607,5.0,2026-04-30,10
2026-04-17,3581,long,0.577,5.0,2026-05-21,24
2026-04-17,3593,long,0.4749,10.0,2026-04-30,10
2026-04-17,4989,long,0.5284,5.0,2026-04-30,10
2026-04-17,6274,long,0.901,5.0,2026-04-30,10
2026-04-17,6949,long,0.3879,5.0,2026-04-30,10
2026-04-17,7556,long,0.5042,5.0,2026-04-30,10
2026-04-20,2923,long,0.4894,5.0,2026-05-04,10
2026-04-20,3339,long,1.1589,5.0,2026-05-07,13
2026-04-20,3467,long,0.5383,5.0,2026-05-04,10
2026-04-20,3714,long,0.6504,5.0,2026-05-04,10
2026-04-20,4960,long,0.2537,20.0,2026-05-07,13
2026-04-20,5228,long,0.49,5.0,2026-05-04,10
2026-04-20,6224,long,0.4866,5.0,2026-05-04,10
2026-04-20,6278,long,0.5763,5.0,2026-05-04,10
2026-04-20,6419,long,0.3913,5.0,2026-05-04,10
2026-04-20,6829,long,0.7281,5.0,2026-05-07,13
2026-04-20,8043,long,0.2627,5.0,2026-05-04,10
2026-04-21,3229,long,0.9014,5.0,2026-05-08,13
2026-04-21,3555,long,0.1604,20.0,2026-05-05,10
2026-04-21,4979,long,0.8084,20.0,2026-05-05,10
2026-04-21,5340,long,0.1156,20.0,2026-05-05,10
2026-04-21,6173,long,0.3911,5.0,2026-05-05,10
2026-04-21,6208,long,0.5424,5.0,2026-05-05,10
2026-04-21,6456,long,0.2952,5.0,2026-05-05,10
2026-04-21,6791,long,0.38,5.0,2026-05-05,10
2026-04-21,8438,long,0.4958,5.0,2026-05-05,10
2026-04-22,2484,long,0.7403,5.0,2026-05-06,10
2026-04-22,3388,long,0.8134,5.0,2026-05-06,10
2026-04-22,3529,long,0.6296,5.0,2026-05-06,10
2026-04-22,4919,long,0.3257,5.0,2026-05-06,10
2026-04-22,4939,long,0.5248,5.0,2026-05-06,10
2026-04-22,4956,long,0.5647,5.0,2026-05-06,10
2026-04-22,5475,long,0.8644,5.0,2026-05-06,10
2026-04-22,6141,long,0.3468,20.0,2026-05-06,10
2026-04-22,6442,long,0.1443,5.0,2026-05-06,10
2026-04-22,8182,long,0.6486,5.0,2026-05-06,10
2026-04-22,8289,long,0.6264,5.0,2026-05-06,10
2026-04-22,8358,long,0.6029,5.0,2026-05-06,10
2026-04-23,3221,long,0.5,5.0,2026-05-07,10
2026-04-23,3518,long,0.473,5.0,2026-05-07,10
2026-04-23,6213,long,1.1838,5.0,2026-05-11,12
2026-04-24,1623,long,0.3003,5.0,2026-05-08,10
2026-04-24,1711,long,0.4637,20.0,2026-05-08,10
2026-04-24,1721,long,0.6547,5.0,2026-05-08,10
2026-04-24,3363,long,0.3699,20.0,2026-05-08,10
2026-04-24,3653,long,0.3443,5.0,2026-05-26,20
2026-04-24,4768,long,0.1655,5.0,2026-05-08,10
2026-04-24,5498,long,0.4165,5.0,2026-05-08,10
2026-04-24,6415,long,0.4708,5.0,2026-05-08,10
2026-04-24,6423,long,0.4576,5.0,2026-05-08,10
2026-04-24,6643,long,0.2261,5.0,2026-05-08,10
2026-04-24,6861,long,0.6354,5.0,2026-05-21,19
2026-04-24,8092,long,0.3849,5.0,2026-05-08,10
2026-04-24,8271,long,0.4463,20.0,2026-05-08,10
2026-04-27,3228,long,0.7764,5.0,2026-05-11,10
2026-04-27,3430,long,0.4953,5.0,2026-05-11,10
2026-04-27,3631,long,0.2955,5.0,2026-05-11,10
2026-04-27,4971,long,0.5929,20.0,2026-05-11,10
2026-04-27,6531,long,0.5421,5.0,2026-05-11,10
2026-04-27,6735,long,1.084,5.0,2026-05-14,13
2026-04-28,2429,long,0.2241,5.0,2026-05-12,10
2026-04-28,7734,long,0.8626,20.0,2026-05-12,10
2026-04-29,6658,long,0.9985,5.0,2026-05-18,13
2026-04-29,7711,long,0.554,20.0,2026-05-13,10
2026-04-29,7751,long,0.6656,20.0,2026-05-29,22
2026-04-30,4529,long,0.6914,10.0,2026-05-14,10
2026-04-30,4542,long,0.0889,5.0,2026-05-20,14
2026-05-04,8291,long,,10.0,2026-07-01,42
2026-05-05,3167,long,1.1086,20.0,2026-05-18,10
2026-05-05,4951,long,0.9163,5.0,2026-05-21,13
2026-05-05,6234,long,1.0714,5.0,2026-05-18,10
2026-05-05,9949,long,-0.2287,5.0,2026-05-18,10
2026-05-06,2455,long,0.4923,20.0,2026-05-19,10
2026-05-06,6405,long,0.6528,5.0,2026-05-22,13
2026-05-06,8027,long,0.3074,5.0,2026-05-19,10
2026-05-07,1597,long,0.9866,5.0,2026-05-20,10
2026-05-07,2233,long,0.4674,5.0,2026-05-20,10
2026-05-07,2454,long,1.3333,5.0,2026-05-20,10
2026-05-07,2486,long,0.9931,20.0,2026-05-20,10
2026-05-07,3016,long,1.2233,5.0,2026-05-25,13
2026-05-07,3163,long,0.0861,20.0,2026-05-20,10
2026-05-07,6683,long,0.6182,20.0,2026-05-20,10
2026-05-07,8064,long,0.7361,5.0,2026-05-20,10
2026-05-08,2426,long,0.8926,20.0,2026-05-21,10
2026-05-08,3030,long,0.5321,5.0,2026-05-21,10
2026-05-08,3455,long,0.6896,20.0,2026-05-21,10
2026-05-08,5386,long,0.5652,20.0,2026-05-21,10
2026-05-11,1595,long,1.2018,5.0,2026-05-22,10
2026-05-11,3532,long,0.711,20.0,2026-05-22,10
2026-05-11,4991,long,0.2361,20.0,2026-05-22,10
2026-05-11,5464,long,0.8322,5.0,2026-05-27,13
2026-05-11,6274,long,0.7189,20.0,2026-05-22,10
2026-05-11,8042,long,0.5181,5.0,2026-06-10,23
2026-05-12,3026,long,0.6985,20.0,2026-06-11,23
2026-05-12,4561,long,0.615,5.0,2026-05-25,10
2026-05-12,6173,long,1.0521,20.0,2026-06-10,22
2026-05-12,6182,long,0.63,5.0,2026-06-15,23
2026-05-12,6488,long,0.7023,5.0,2026-05-25,10
2026-05-12,8227,long,0.8525,5.0,2026-05-25,10
2026-05-13,1809,long,0.5159,5.0,2026-05-26,10
2026-05-13,2059,long,0.6327,5.0,2026-05-26,10
2026-05-13,3450,long,0.5202,5.0,2026-05-26,10
2026-05-13,3664,long,0.0876,60.0,2026-05-26,10
2026-05-13,4979,long,0.4172,20.0,2026-05-26,10
2026-05-13,911608,long,0.0107,,2026-05-26,10
2026-05-14,7769,long,0.7778,5.0,2026-05-27,10
2026-05-15,2492,long,0.5225,5.0,2026-06-17,24
2026-05-15,4966,long,0.5453,5.0,2026-05-28,10
2026-05-15,6263,long,0.3893,5.0,2026-05-28,10
2026-05-15,6831,long,0.6889,5.0,2026-05-28,10
2026-05-15,8069,long,0.5017,5.0,2026-05-28,10
2026-05-15,8114,long,0.4201,5.0,2026-05-28,10
2026-05-15,8358,long,0.2804,20.0,2026-05-28,10
2026-05-18,3135,long,0.7705,5.0,2026-05-29,10
2026-05-18,5228,long,0.4563,20.0,2026-05-29,10
2026-05-18,6829,long,0.1031,20.0,2026-05-29,10
2026-05-18,8444,long,0.7019,25.0,2026-05-29,10
2026-05-19,3498,long,0.708,5.0,2026-06-01,10
2026-05-19,4971,long,-0.0665,20.0,2026-06-01,10
2026-05-19,6449,long,0.553,5.0,2026-06-12,19
2026-05-20,3008,long,0.2417,5.0,2026-06-02,10
2026-05-20,3665,long,-0.1911,5.0,2026-06-02,10
2026-05-20,6217,long,-0.0093,20.0,2026-06-02,10
2026-05-20,6924,long,0.6807,5.0,2026-06-02,10
2026-05-20,8091,long,0.376,5.0,2026-06-02,10
2026-05-21,1591,long,-0.4281,25.0,2026-06-03,10
2026-05-21,3624,long,0.5901,5.0,2026-06-03,10
2026-05-21,6806,long,-0.6174,60.0,2026-06-11,16
2026-05-21,8455,long,1.1397,5.0,2026-06-03,10
2026-05-22,3090,long,0.8578,5.0,2026-06-09,13
2026-05-25,2911,long,0.738,5.0,2026-06-10,13
2026-05-25,3675,long,0.3424,5.0,2026-06-05,10
2026-05-25,5321,long,0.6553,5.0,2026-07-13,34
2026-05-25,6538,long,0.7684,5.0,2026-06-05,10
2026-05-25,6742,long,0.4837,5.0,2026-06-05,10
2026-05-25,6834,long,0.9915,5.0,2026-06-10,13
2026-05-25,7610,long,0.9592,20.0,2026-06-17,18
2026-05-25,8027,long,0.7158,20.0,2026-06-05,10
2026-05-26,2327,long,1.3266,5.0,2026-06-08,10
2026-05-26,2424,long,-0.4258,10.0,2026-06-08,10
2026-05-26,2478,long,0.8265,5.0,2026-06-08,10
2026-05-26,3167,long,0.2521,20.0,2026-06-08,10
2026-05-26,3491,long,0.3312,5.0,2026-06-08,10
2026-05-26,4722,long,0.5691,5.0,2026-06-08,10
2026-05-26,4916,long,0.5426,5.0,2026-06-08,10
2026-05-26,8021,long,0.0288,20.0,2026-06-08,10
2026-05-27,2455,long,0.3596,20.0,2026-06-09,10
2026-05-27,4127,long,0.7552,5.0,2026-06-09,10
2026-05-28,2061,long,0.7275,5.0,2026-06-15,13
2026-05-28,3189,long,0.3819,5.0,2026-06-10,10
2026-05-28,3236,long,0.8564,5.0,2026-06-10,10
2026-05-28,4919,long,0.3859,20.0,2026-06-10,10
2026-05-28,4958,long,0.3503,5.0,2026-06-10,10
2026-05-28,6271,long,0.4501,5.0,2026-06-10,10
2026-05-28,6570,long,0.5141,5.0,2026-06-10,10
2026-05-28,6906,long,0.6427,5.0,2026-06-10,10
2026-05-29,3191,long,0.6937,5.0,2026-06-11,10
2026-05-29,3532,long,0.5978,20.0,2026-06-11,10
2026-05-29,6239,long,0.7482,5.0,2026-06-11,10
2026-05-29,6405,long,0.6609,20.0,2026-06-11,10
2026-05-29,6821,long,0.3559,5.0,2026-06-11,10
2026-06-01,1568,long,0.5912,5.0,2026-06-17,13
2026-06-01,2375,long,0.9588,5.0,2026-06-12,10
2026-06-01,2472,long,1.102,5.0,2026-06-12,10
2026-06-01,3021,long,0.75,5.0,2026-06-17,13
2026-06-01,6116,long,1.1007,5.0,2026-06-17,13
2026-06-01,6291,long,0.609,5.0,2026-06-12,10
2026-06-01,6488,long,0.75,20.0,2026-06-12,10
2026-06-01,7828,long,0.1463,5.0,2026-06-12,10
2026-06-02,2302,long,0.9565,5.0,2026-06-15,10
2026-06-02,3485,long,,5.0,2026-06-15,10
2026-06-02,3523,long,0.4463,5.0,2026-06-18,13
2026-06-02,3528,long,0.6065,5.0,2026-06-15,10
2026-06-02,4973,long,0.8326,5.0,2026-06-15,10
2026-06-02,6654,long,0.851,5.0,2026-06-15,10
2026-06-02,6770,long,0.6384,5.0,2026-06-15,10
2026-06-03,1563,long,0.6921,5.0,2026-06-16,10
2026-06-03,2337,long,0.0935,5.0,2026-06-16,10
2026-06-03,4979,long,-0.1226,20.0,2026-06-16,10
2026-06-04,1409,long,0.7929,5.0,2026-06-17,10
2026-06-04,3346,long,0.3676,5.0,2026-06-17,10
2026-06-04,3481,long,1.1139,5.0,2026-06-17,10
2026-06-04,3556,long,0.4449,5.0,2026-06-17,10
2026-06-04,6548,long,0.722,5.0,2026-06-17,10
2026-06-04,7709,long,0.5816,5.0,2026-06-17,10
2026-06-04,8277,long,0.5595,10.0,2026-06-17,10
2026-06-05,3288,long,0.606,5.0,2026-06-18,10
2026-06-05,3535,long,0.0379,5.0,2026-06-18,10
2026-06-05,4707,long,0.3106,5.0,2026-06-18,10
2026-06-05,8358,long,0.2047,20.0,2026-06-18,10
2026-06-05,8454,long,0.6984,5.0,2026-06-24,13
2026-06-08,1718,long,0.5536,5.0,2026-06-22,10
2026-06-08,2491,long,0.6445,5.0,2026-06-22,10
2026-06-08,3147,long,0.5894,5.0,2026-06-25,13
2026-06-08,3149,long,0.8819,5.0,2026-06-22,10
2026-06-08,3581,long,-0.2617,20.0,2026-06-25,13
2026-06-08,4807,long,0.7865,5.0,2026-06-22,10
2026-06-08,5701,long,0.8477,10.0,2026-06-22,10
2026-06-08,6442,long,0.0458,5.0,2026-06-22,10
2026-06-09,3114,long,0.7029,5.0,2026-06-23,10
2026-06-09,5426,long,0.7736,5.0,2026-06-23,10
2026-06-09,6890,long,0.5497,5.0,2026-06-26,13
2026-06-12,4542,long,0.4387,20.0,2026-06-26,10
2026-06-12,6127,long,0.6667,5.0,2026-06-26,10
2026-06-15,4402,long,0.3388,5.0,2026-06-29,10
2026-06-15,4556,long,0.7328,5.0,2026-07-02,13
2026-06-15,5345,long,0.599,5.0,2026-06-29,10
2026-06-15,6830,long,-0.3238,5.0,2026-06-29,10
2026-06-15,6924,long,-0.1136,20.0,2026-06-29,10
2026-06-16,1714,long,0.7128,5.0,2026-07-03,13
2026-06-16,8021,long,0.2634,20.0,2026-07-17,20
2026-06-17,2243,long,1.081,5.0,2026-07-06,13
2026-06-17,3167,long,0.0204,20.0,2026-07-01,10
2026-06-17,6173,long,0.7882,20.0,2026-07-01,10
2026-06-17,6187,long,0.0224,5.0,2026-07-01,10
2026-06-17,6241,long,0.3095,5.0,2026-07-01,10
2026-06-18,2383,long,0.1832,5.0,2026-07-02,10
2026-06-18,2493,long,0.9377,5.0,2026-07-02,10
2026-06-18,3026,long,1.2712,20.0,2026-07-02,10
2026-06-18,3285,long,0.6386,5.0,2026-07-02,10
2026-06-18,4991,long,-0.2,20.0,2026-07-02,10
2026-06-18,5227,long,0.6016,5.0,2026-07-07,13
2026-06-18,5468,long,0.6059,5.0,2026-07-07,13
2026-06-18,6613,long,0.4323,5.0,2026-07-02,10
2026-06-18,7828,long,0.9437,20.0,2026-07-02,10
2026-06-18,8027,long,0.0292,20.0,2026-07-02,10
2026-06-18,8042,long,0.6781,20.0,2026-07-02,10
2026-06-22,2455,long,,20.0,2026-07-03,10
2026-06-22,2478,long,,20.0,2026-07-03,10
2026-06-22,3163,long,,5.0,2026-07-03,10
2026-06-22,3441,long,,5.0,2026-07-07,12
2026-06-22,3532,long,,20.0,2026-07-03,10
2026-06-22,6488,long,,20.0,2026-07-03,10
2026-06-23,3090,long,0.5605,20.0,2026-07-08,12
2026-06-23,4551,long,0.4534,5.0,2026-07-06,10
2026-06-24,1303,long,0.7738,5.0,2026-07-07,10
2026-06-24,2061,long,0.9795,20.0,2026-07-07,10
2026-06-24,2305,long,0.7966,5.0,2026-07-07,10
2026-06-24,2342,long,0.321,5.0,2026-07-07,10
2026-06-24,2492,long,0.7947,20.0,2026-07-07,10
2026-06-24,3624,long,0.6915,20.0,2026-07-09,12
2026-06-24,4764,long,-0.0156,5.0,2026-07-07,10
2026-06-24,4923,long,0.542,5.0,2026-07-07,10
2026-06-24,6415,long,0.0437,5.0,2026-07-07,10
2026-06-24,6693,long,0.598,5.0,2026-07-07,10
2026-06-24,7610,long,0.932,20.0,2026-07-07,10
2026-06-24,8096,long,0.2088,5.0,2026-07-07,10
2026-06-24,8996,long,0.2775,5.0,2026-07-07,10
2026-06-25,2316,long,0.2857,5.0,2026-07-08,10
2026-06-25,3675,long,0.2365,20.0,2026-07-08,10
2026-06-25,6715,long,0.0699,5.0,2026-07-08,10
2026-06-25,7712,long,0.1087,5.0,2026-07-08,10
2026-06-26,2481,long,0.3017,5.0,2026-07-09,10
2026-06-26,5425,long,0.2153,5.0,2026-07-09,10
2026-06-26,5489,long,0.7318,5.0,2026-07-09,10
2026-06-26,6141,long,0.0763,5.0,2026-07-09,10
2026-06-26,6620,long,0.3553,5.0,2026-07-09,10
2026-06-26,6834,long,0.6152,20.0,2026-07-09,10
2026-06-29,5464,long,0.3245,5.0,2026-07-13,10
2026-06-29,6243,long,0.276,5.0,2026-07-13,10
2026-06-29,6683,long,0.0,5.0,2026-07-13,10
2026-06-30,1435,long,0.9377,5.0,2026-07-17,13
2026-06-30,2233,long,-0.4533,5.0,2026-07-14,10
2026-06-30,2483,long,1.1673,5.0,2026-07-14,10
2026-06-30,3450,long,0.0296,5.0,2026-07-14,10
2026-06-30,6226,long,0.5423,5.0,2026-07-17,13
2026-06-30,8024,long,0.3,5.0,2026-07-14,10
2026-07-01,3230,long,0.513,5.0,2026-07-20,13
2026-07-02,2303,long,0.1943,5.0,2026-07-16,10
2026-07-03,3189,long,0.1231,20.0,2026-07-17,10
2026-07-03,8033,long,0.3829,5.0,2026-07-17,10
2026-07-06,1447,long,0.5182,5.0,2026-07-20,10
2026-07-06,1617,long,0.4671,5.0,2026-07-20,10
2026-07-06,3055,long,0.4734,5.0,2026-07-23,13
2026-07-06,3147,long,-0.1144,20.0,2026-07-20,10
2026-07-06,6217,long,0.0113,5.0,2026-08-17,27
2026-07-06,7795,long,0.6072,5.0,2026-07-20,10
2026-07-06,911608,long,-0.1149,,2026-07-20,10
2026-07-07,1515,long,0.6255,5.0,2026-07-21,10
2026-07-07,1718,long,0.5431,20.0,2026-07-21,10
2026-07-08,2466,long,1.1045,5.0,2026-07-22,10
2026-07-08,6617,long,0.6421,5.0,2026-07-22,10
2026-07-09,4707,long,0.8512,20.0,2026-07-23,10
2026-07-09,6174,long,0.2503,5.0,2026-07-23,10
2026-07-09,8261,long,1.1155,5.0,2026-07-27,12
2026-07-13,4169,long,,5.0,2026-07-27,11
2026-07-14,8027,long,0.041,20.0,2026-07-27,10
2026-07-15,2434,long,1.3108,5.0,2026-07-31,13
2026-07-15,4542,long,0.0209,20.0,2026-07-28,10
2026-07-15,4556,long,0.8039,20.0,2026-07-28,10
2026-07-15,6831,long,-0.0536,5.0,2026-07-28,10
2026-07-16,2492,long,-0.1568,20.0,2026-08-03,13
2026-07-16,8096,long,0.0034,20.0,2026-07-29,10
2026-07-16,8291,long,-0.3648,25.0,2026-08-07,17
2026-07-17,6173,long,-0.2491,20.0,2026-08-04,13
2026-07-17,6907,long,0.777,5.0,2026-07-30,10
2026-07-17,7714,long,0.5742,5.0,2026-07-30,10
2026-07-20,3090,long,-0.357,20.0,2026-07-31,10
2026-07-20,8383,long,0.4809,5.0,2026-07-31,10
2026-07-21,4139,long,0.5152,5.0,2026-08-06,13
2026-07-22,2483,long,-0.0333,20.0,2026-08-04,10
2026-07-22,3026,long,-0.2397,20.0,2026-08-07,13
2026-07-22,3288,long,0.1525,5.0,2026-08-04,10
2026-07-22,3624,long,-0.485,20.0,2026-08-07,13
2026-07-22,3675,long,-0.3395,20.0,2026-08-04,10
2026-07-22,6683,long,-0.271,20.0,2026-08-04,10
2026-07-22,6727,long,-0.3151,5.0,2026-08-04,10
2026-07-23,8028,long,-0.0065,5.0,2026-08-05,10
2026-07-24,3167,long,-0.1324,20.0,2026-08-17,16
2026-07-24,6182,long,0.0905,5.0,2026-08-07,11
2026-07-27,7610,long,-0.2622,20.0,2026-08-17,15
2026-07-27,8033,long,0.3502,20.0,2026-08-07,10
2026-07-27,911608,long,-0.0678,,2026-08-07,10
2026-07-28,6969,long,0.4163,5.0,2026-08-07,9
2026-07-30,4979,long,-0.1888,5.0,2026-08-07,7
2026-07-30,4991,long,-0.3274,20.0,2026-08-07,7
2026-07-31,1515,long,-0.2271,20.0,2026-08-07,6
2026-07-31,3055,long,-0.269,20.0,2026-08-07,6
2026-07-31,3532,long,-0.3062,20.0,2026-08-07,6
2026-08-03,4169,long,-0.1832,5.0,2026-08-07,5
2026-08-03,6531,long,-0.3059,5.0,2026-08-17,10
2026-08-03,6739,long,-0.3158,5.0,2026-08-07,5
2026-08-03,7828,long,-0.4224,5.0,2026-08-07,5
2026-08-03,8046,long,-0.1965,2.0,2026-08-11,7
2026-08-04,4556,long,-0.0621,2.0,2026-08-10,5
2026-08-05,3362,long,0.059,2.0,2026-08-13,7
2026-08-10,2059,long,0.3467,2.0,2026-08-14,5
2026-08-10,2455,long,0.1014,2.0,2026-08-14,5
2026-08-10,3037,long,0.0914,2.0,2026-08-14,5
2026-08-10,3189,long,0.0352,2.0,2026-08-14,5
2026-08-10,3653,long,0.3666,2.0,2026-08-14,5
2026-08-10,6274,long,-0.0828,2.0,2026-08-14,5
2026-08-11,1815,long,-0.0581,2.0,2026-08-17,5
2026-08-11,2491,long,-0.0057,2.0,2026-08-17,5
2026-08-11,3006,long,0.2083,2.0,2026-08-17,5
2026-08-11,3081,long,0.2739,2.0,2026-08-17,5
2026-08-11,3450,long,0.0175,2.0,2026-08-17,5
2026-08-11,4971,long,0.1729,2.0,2026-08-17,5
2026-08-11,5351,long,0.14,2.0,2026-08-17,5
2026-08-11,6213,long,0.1892,2.0,2026-08-20,8
2026-08-11,6451,long,-0.0694,2.0,2026-08-17,5
2026-08-11,8021,long,-0.1447,2.0,2026-08-17,5
2026-08-12,6426,long,0.2493,2.0,2026-08-18,5
2026-08-13,3163,long,-0.0477,2.0,2026-08-21,7
2026-08-13,4931,long,0.192,2.0,2026-08-21,7
2026-08-13,7711,long,0.4094,2.0,2026-08-19,5
2026-08-14,3026,long,-0.0979,2.0,2026-08-20,5
2026-08-14,4979,long,0.4388,2.0,2026-08-20,5
2026-08-14,4991,long,0.195,2.0,2026-08-20,5
2026-08-17,5475,long,0.0791,2.0,2026-08-26,8
2026-08-17,6225,long,0.5538,10.0,2026-08-27,9
2026-08-17,6716,long,0.4808,2.0,2026-08-21,5
2026-08-18,7795,long,0.2026,2.0,2026-08-24,5
2026-08-18,8033,long,-0.0636,2.0,2026-08-24,5
2026-08-18,911608,long,-0.0185,,2026-08-24,5
2026-08-19,3498,long,0.6493,2.0,2026-08-27,7
2026-08-20,3490,long,0.6926,2.0,2026-08-26,5
2026-08-24,2455,long,0.2192,2.0,2026-08-27,4
2026-08-24,5314,long,-0.5365,2.0,2026-08-27,4
2026-08-24,5321,long,0.2377,2.0,2026-08-27,4
2026-08-25,3625,long,-0.3439,10.0,2026-08-27,3
2026-08-25,4304,long,0.5676,2.0,2026-08-27,3
2026-08-25,4971,long,0.224,2.0,2026-08-27,3
2026-08-26,3234,long,0.8268,2.0,2026-08-27,2
2026-08-27,2486,long,0.4228,2.0,2026-08-27,1
2026-08-27,3362,long,0.1643,2.0,2026-08-27,1
